0,4.74
2,4.75
4,4.75
6,4.76
8,4.76
10,4.77
12,4.77
14,4.78
16,4.79
18,4.8
20,4.8
22,4.8
24,4.81
26,4.82
28,4.82
30,4.83
32,4.83
34,4.83
36,4.84
38,4.84
40,4.85
42,4.85
44,4.86
46,4.86
48,4.87
50,4.87
52,4.87
54,4.88
56,4.88
58,4.89
60,4.9
62,4.9
64,4.9
66,4.91
68,4.91
70,4.91
72,4.92
74,4.92
76,4.92
78,4.93
80,4.93
82,4.93
84,4.93
86,4.94
88,4.94
90,4.94
92,4.94
94,4.95
96,4.95
98,4.95
100,4.95
102,4.95
104,4.95
106,4.95
108,4.96
110,4.95
112,4.95
114,4.95
116,4.95
118,4.95
120,4.94
122,4.95
124,4.95
126,4.95
128,4.94
130,4.93
132,4.92
134,4.91
136,4.9
138,4.87
140,4.86
142,4.84
144,4.82
146,4.8
148,4.77
150,4.74
152,4.72
154,4.68
156,4.66
158,4.62
160,4.59
162,4.55
164,4.51
166,4.46
168,4.42
170,4.38
172,4.33
174,4.28
176,4.24
178,4.18
180,4.14
182,4.09
184,4.03
186,3.98
188,3.93
190,3.87
192,3.82
194,3.76
196,3.7
198,3.65
200,3.59
202,3.53
204,3.47
206,3.41
208,3.35
210,3.3
212,3.24
214,3.18
216,3.12
218,3.06
220,3
222,2.94
224,2.89
226,2.83
228,2.77
230,2.72
232,2.66
234,2.6
236,2.55
238,2.49
240,2.44
242,2.39
244,2.34
246,2.29
248,2.24
250,2.19
252,2.15
254,2.1
256,2.06
258,2.01
260,1.97
262,1.93
264,1.89
266,1.85
268,1.81
270,1.78
272,1.75
274,1.72
276,1.68
278,1.65
280,1.63
282,1.6
284,1.58
286,1.55
288,1.53
290,1.51
292,1.5
294,1.48
296,1.47
298,1.46
300,1.44
302,1.43
304,1.42
306,1.42
308,1.41
310,1.41
312,1.41
314,1.41
316,1.41
318,1.41
320,1.42
322,1.42
324,1.43
326,1.44
328,1.45
330,1.46
332,1.48
334,1.5
336,1.53
338,1.54
340,1.56
342,1.59
344,1.62
346,1.65
348,1.69
350,1.73
352,1.78
354,1.84
356,1.9
358,1.97
360,2.04
362,2.12
364,2.2
366,2.29
368,2.37
370,2.47
372,2.56
374,2.66
376,2.77
378,2.87
380,2.99
382,3.1
384,3.22
386,3.34
388,3.46
390,3.58
392,3.7
394,3.83
396,3.96
398,4.08
400,4.22
402,4.35
404,4.49
406,4.62
408,4.76
410,4.9
412,5.03
414,5.17
416,5.31
418,5.45
420,5.59
422,5.73
424,5.87
426,6.01
428,6.15
430,6.29
432,6.43
434,6.57
436,6.71
438,6.84
440,6.98
442,7.11
444,7.24
446,7.38
448,7.5
450,7.63
452,7.76
454,7.88
456,8
458,8.12
460,8.24
462,8.35
464,8.46
466,8.57
468,8.68
470,8.78
472,8.88
474,8.98
476,9.07
478,9.16
480,9.25
482,9.33
484,9.41
486,9.49
488,9.56
490,9.63
492,9.69
494,9.75
496,9.8
498,9.85
500,9.9
502,9.95
504,9.99
506,10.02
508,10.06
510,10.09
512,10.11
514,10.13
516,10.15
518,10.16
520,10.17
522,10.17
524,10.17
526,10.17
528,10.16
530,10.14
532,10.13
534,10.1
536,10.07
538,10.04
540,10
542,9.96
544,9.9
546,9.84
548,9.78
550,9.7
552,9.62
554,9.53
556,9.44
558,9.34
560,9.23
562,9.12
564,9
566,8.88
568,8.74
570,8.61
572,8.47
574,8.32
576,8.16
578,8
580,7.85
582,7.68
584,7.51
586,7.34
588,7.16
590,6.98
592,6.8
594,6.61
596,6.42
598,6.23
600,6.04
602,5.84
604,5.64
606,5.44
608,5.24
610,5.03
612,4.83
614,4.63
616,4.42
618,4.21
620,4.01
622,3.8
624,3.6
626,3.39
628,3.19
630,2.99
632,2.78
634,2.58
636,2.38
638,2.18
640,1.99
642,1.8
644,1.61
646,1.42
648,1.23
650,1.05
652,0.87
654,0.7
656,0.53
658,0.36
660,0.2
662,0.04
664,-0.12
666,-0.27
668,-0.42
670,-0.56
672,-0.7
674,-0.83
676,-0.96
678,-1.08
680,-1.2
682,-1.31
684,-1.42
686,-1.52
688,-1.61
690,-1.7
692,-1.79
694,-1.87
696,-1.94
698,-2.01
700,-2.07
702,-2.13
704,-2.17
706,-2.21
708,-2.25
710,-2.29
712,-2.31
714,-2.33
716,-2.35
718,-2.36
720,-2.35
722,-2.35
724,-2.35
726,-2.33
728,-2.31
730,-2.27
732,-2.24
734,-2.21
736,-2.17
738,-2.12
740,-2.05
742,-1.99
744,-1.92
746,-1.84
748,-1.73
750,-1.62
752,-1.5
754,-1.38
756,-1.24
758,-1.1
760,-0.95
762,-0.8
764,-0.63
766,-0.46
768,-0.28
770,-0.1
772,0.09
774,0.29
776,0.5
778,0.72
780,0.93
782,1.16
784,1.38
786,1.61
788,1.85
790,2.09
792,2.33
794,2.58
796,2.82
798,3.07
800,3.33
802,3.59
804,3.84
806,4.1
808,4.36
810,4.63
812,4.89
814,5.15
816,5.41
818,5.67
820,5.93
822,6.19
824,6.45
826,6.71
828,6.97
830,7.22
832,7.47
834,7.72
836,7.96
838,8.2
840,8.43
842,8.67
844,8.9
846,9.13
848,9.35
850,9.57
852,9.79
854,9.99
856,10.2
858,10.39
860,10.58
862,10.77
864,10.95
866,11.13
868,11.3
870,11.46
872,11.61
874,11.76
876,11.91
878,12.04
880,12.17
882,12.29
884,12.41
886,12.51
888,12.61
890,12.7
892,12.79
894,12.86
896,12.93
898,12.99
900,13.05
902,13.09
904,13.13
906,13.16
908,13.19
910,13.2
912,13.21
914,13.21
916,13.2
918,13.18
920,13.16
922,13.13
924,13.09
926,13.05
928,12.99
930,12.93
932,12.87
934,12.8
936,12.72
938,12.61
940,12.51
942,12.39
944,12.26
946,12.12
948,11.97
950,11.82
952,11.66
954,11.49
956,11.31
958,11.12
960,10.93
962,10.72
964,10.51
966,10.29
968,10.07
970,9.83
972,9.6
974,9.36
976,9.11
978,8.85
980,8.6
982,8.33
984,8.06
986,7.79
988,7.52
990,7.24
992,6.97
994,6.69
996,6.4
998,6.11
1000,5.82
1000,5.53
1000,5.24
1010,4.95
1010,4.66
1010,4.37
1010,4.08
1010,3.79
1020,3.5
1020,3.21
1020,2.92
1020,2.63
1020,2.35
1030,2.07
1030,1.79
1030,1.51
1030,1.24
1030,0.97
1040,0.7
1040,0.44
1040,0.18
1040,-0.08
1040,-0.33
1050,-0.57
1050,-0.81
1050,-1.05
1050,-1.28
1050,-1.5
1060,-1.72
1060,-1.93
1060,-2.14
1060,-2.33
1060,-2.52
1070,-2.7
1070,-2.88
1070,-3.04
1070,-3.21
1070,-3.37
1080,-3.52
1080,-3.65
1080,-3.79
1080,-3.91
1080,-4.02
1090,-4.13
1090,-4.23
1090,-4.32
1090,-4.4
1090,-4.47
1100,-4.54
1100,-4.6
1100,-4.65
1100,-4.69
1100,-4.71
1110,-4.74
1110,-4.76
1110,-4.76
1110,-4.76
1110,-4.75
1120,-4.72
1120,-4.68
1120,-4.64
1120,-4.61
1120,-4.55
1130,-4.49
1130,-4.41
1130,-4.33
1130,-4.23
1130,-4.12
1140,-4
1140,-3.87
1140,-3.73
1140,-3.58
1140,-3.41
1150,-3.24
1150,-3.06
1150,-2.87
1150,-2.67
1150,-2.46
1160,-2.25
1160,-2.02
1160,-1.79
1160,-1.55
1160,-1.31
1170,-1.05
1170,-0.79
1170,-0.53
1170,-0.25
1170,0.02
1180,0.3
1180,0.59
1180,0.89
1180,1.18
1180,1.49
1190,1.79
1190,2.09
1190,2.4
1190,2.72
1190,3.03
1200,3.35
1200,3.67
1200,3.98
1200,4.31
1200,4.62
1210,4.95
1210,5.26
1210,5.58
1210,5.9
1210,6.22
1220,6.53
1220,6.84
1220,7.15
1220,7.46
1220,7.76
1230,8.06
1230,8.36
1230,8.65
1230,8.93
1230,9.22
1240,9.5
1240,9.77
1240,10.03
1240,10.3
1240,10.55
1250,10.8
1250,11.04
1250,11.28
1250,11.51
1250,11.74
1260,11.95
1260,12.16
1260,12.36
1260,12.56
1260,12.75
1270,12.92
1270,13.09
1270,13.26
1270,13.41
1270,13.55
1280,13.69
1280,13.82
1280,13.94
1280,14.06
1280,14.16
1290,14.24
1290,14.33
1290,14.4
1290,14.47
1290,14.52
1300,14.56
1300,14.6
1300,14.63
1300,14.65
1300,14.66
1310,14.66
1310,14.65
1310,14.64
1310,14.61
1310,14.57
1320,14.52
1320,14.47
1320,14.41
1320,14.33
1320,14.24
1330,14.14
1330,14.02
1330,13.9
1330,13.76
1330,13.61
1340,13.45
1340,13.28
1340,13.09
1340,12.9
1340,12.7
1350,12.49
1350,12.27
1350,12.04
1350,11.81
1350,11.56
1360,11.31
1360,11.05
1360,10.78
1360,10.5
1360,10.22
1370,9.93
1370,9.64
1370,9.34
1370,9.03
1370,8.72
1380,8.4
1380,8.09
1380,7.76
1380,7.43
1380,7.11
1390,6.77
1390,6.44
1390,6.1
1390,5.76
1390,5.42
1400,5.08
1400,4.74
1400,4.4
1400,4.06
1400,3.72
1410,3.39
1410,3.05
1410,2.71
1410,2.38
1410,2.05
1420,1.72
1420,1.4
1420,1.08
1420,0.76
1420,0.45
1430,0.14
1430,-0.16
1430,-0.46
1430,-0.76
1430,-1.04
1440,-1.33
1440,-1.6
1440,-1.87
1440,-2.13
1440,-2.39
1450,-2.63
1450,-2.87
1450,-3.1
1450,-3.33
1450,-3.55
1460,-3.75
1460,-3.96
1460,-4.15
1460,-4.33
1460,-4.51
1470,-4.67
1470,-4.83
1470,-4.97
1470,-5.11
1470,-5.24
1480,-5.36
1480,-5.46
1480,-5.55
1480,-5.65
1480,-5.73
1490,-5.8
1490,-5.86
1490,-5.91
1490,-5.95
1490,-5.98
1500,-6
1500,-6.02
1500,-6.02
1500,-6.02
1500,-6
1510,-5.96
1510,-5.92
1510,-5.89
1510,-5.83
1510,-5.75
1520,-5.67
1520,-5.58
1520,-5.46
1520,-5.34
1520,-5.22
1530,-5.07
1530,-4.91
1530,-4.74
1530,-4.56
1530,-4.37
1540,-4.17
1540,-3.95
1540,-3.73
1540,-3.5
1540,-3.25
1550,-3
1550,-2.75
1550,-2.48
1550,-2.2
1550,-1.92
1560,-1.62
1560,-1.33
1560,-1.02
1560,-0.7
1560,-0.39
1570,-0.06
1570,0.26
1570,0.6
1570,0.94
1570,1.28
1580,1.62
1580,1.97
1580,2.33
1580,2.68
1580,3.03
1590,3.39
1590,3.75
1590,4.11
1590,4.47
1590,4.83
1600,5.19
1600,5.55
1600,5.9
1600,6.26
1600,6.61
1610,6.96
1610,7.31
1610,7.65
1610,8
1610,8.34
1620,8.67
1620,9
1620,9.33
1620,9.65
1620,9.96
1630,10.27
1630,10.58
1630,10.87
1630,11.16
1630,11.45
1640,11.72
1640,11.99
1640,12.25
1640,12.51
1640,12.75
1650,12.99
1650,13.21
1650,13.44
1650,13.65
1650,13.86
1660,14.05
1660,14.24
1660,14.41
1660,14.57
1660,14.73
1670,14.87
1670,15.01
1670,15.13
1670,15.24
1670,15.35
1680,15.44
1680,15.53
1680,15.6
1680,15.66
1680,15.71
1690,15.76
1690,15.79
1690,15.81
1690,15.82
1690,15.82
1700,15.8
1700,15.78
1700,15.75
1700,15.7
1700,15.65
1710,15.58
1710,15.51
1710,15.4
1710,15.29
1710,15.17
1720,15.04
1720,14.89
1720,14.73
1720,14.56
1720,14.38
1730,14.19
1730,13.99
1730,13.78
1730,13.55
1730,13.32
1740,13.07
1740,12.81
1740,12.55
1740,12.28
1740,11.99
1750,11.7
1750,11.4
1750,11.1
1750,10.78
1750,10.46
1760,10.13
1760,9.8
1760,9.47
1760,9.12
1760,8.77
1770,8.42
1770,8.06
1770,7.7
1770,7.34
1770,6.97
1780,6.61
1780,6.24
1780,5.87
1780,5.49
1780,5.12
1790,4.75
1790,4.37
1790,4
1790,3.62
1790,3.25
1800,2.89
1800,2.52
1800,2.16
1800,1.8
1800,1.44
1810,1.09
1810,0.74
1810,0.4
1810,0.06
1810,-0.28
1820,-0.61
1820,-0.93
1820,-1.25
1820,-1.56
1820,-1.86
1830,-2.16
1830,-2.45
1830,-2.73
1830,-3.01
1830,-3.27
1840,-3.53
1840,-3.77
1840,-4.01
1840,-4.25
1840,-4.47
1850,-4.68
1850,-4.88
1850,-5.07
1850,-5.26
1850,-5.43
1860,-5.59
1860,-5.74
1860,-5.89
1860,-6.02
1860,-6.14
1870,-6.26
1870,-6.36
1870,-6.44
1870,-6.52
1870,-6.59
1880,-6.65
1880,-6.69
1880,-6.72
1880,-6.75
1880,-6.77
1890,-6.77
1890,-6.77
1890,-6.76
1890,-6.73
1890,-6.7
1900,-6.65
1900,-6.59
1900,-6.52
1900,-6.43
1900,-6.35
1910,-6.26
1910,-6.14
1910,-6.02
1910,-5.89
1910,-5.75
1920,-5.59
1920,-5.42
1920,-5.24
1920,-5.05
1920,-4.84
1930,-4.62
1930,-4.39
1930,-4.15
1930,-3.9
1930,-3.65
1940,-3.38
1940,-3.09
1940,-2.81
1940,-2.51
1940,-2.21
1950,-1.9
1950,-1.58
1950,-1.26
1950,-0.92
1950,-0.59
1960,-0.24
1960,0.11
1960,0.47
1960,0.82
1960,1.19
1970,1.55
1970,1.92
1970,2.29
1970,2.67
1970,3.04
1980,3.42
1980,3.8
1980,4.18
1980,4.56
1980,4.94
1990,5.32
1990,5.69
1990,6.07
1990,6.45
1990,6.82
2000,7.18
2000,7.55
2000,7.92
2000,8.28
2000,8.63
2010,8.98
2010,9.33
2010,9.67
2010,10.01
2010,10.33
2020,10.66
2020,10.98
2020,11.29
2020,11.59
2020,11.89
2030,12.18
2030,12.46
2030,12.73
2030,12.99
2030,13.25
2040,13.5
2040,13.74
2040,13.97
2040,14.19
2040,14.4
2050,14.6
2050,14.79
2050,14.97
2050,15.14
2050,15.31
2060,15.46
2060,15.6
2060,15.73
2060,15.85
2060,15.95
2070,16.06
2070,16.14
2070,16.21
2070,16.28
2070,16.33
2080,16.37
2080,16.4
2080,16.41
2080,16.42
2080,16.42
2090,16.4
2090,16.38
2090,16.34
2090,16.29
2090,16.24
2100,16.16
2100,16.07
2100,15.97
2100,15.85
2100,15.73
2110,15.58
2110,15.42
2110,15.25
2110,15.07
2110,14.88
2120,14.68
2120,14.46
2120,14.24
2120,14
2120,13.75
2130,13.49
2130,13.22
2130,12.94
2130,12.65
2130,12.35
2140,12.05
2140,11.74
2140,11.41
2140,11.08
2140,10.75
2150,10.41
2150,10.06
2150,9.71
2150,9.35
2150,8.98
2160,8.61
2160,8.24
2160,7.86
2160,7.48
2160,7.1
2170,6.72
2170,6.33
2170,5.94
2170,5.55
2170,5.16
2180,4.77
2180,4.38
2180,3.99
2180,3.6
2180,3.21
2190,2.83
2190,2.45
2190,2.07
2190,1.7
2190,1.32
2200,0.95
2200,0.59
2200,0.22
2200,-0.13
2200,-0.48
2210,-0.82
2210,-1.16
2210,-1.49
2210,-1.82
2210,-2.13
2220,-2.44
2220,-2.74
2220,-3.04
2220,-3.33
2220,-3.61
2230,-3.87
2230,-4.14
2230,-4.38
2230,-4.63
2230,-4.86
2240,-5.08
2240,-5.29
2240,-5.49
2240,-5.69
2240,-5.87
2250,-6.04
2250,-6.2
2250,-6.34
2250,-6.48
2250,-6.61
2260,-6.72
2260,-6.82
2260,-6.92
2260,-7
2260,-7.08
2270,-7.13
2270,-7.18
2270,-7.22
2270,-7.24
2270,-7.26
2280,-7.27
2280,-7.26
2280,-7.24
2280,-7.21
2280,-7.17
2290,-7.12
2290,-7.06
2290,-6.99
2290,-6.91
2290,-6.82
2300,-6.72
2300,-6.6
2300,-6.49
2300,-6.36
2300,-6.22
2310,-6.07
2310,-5.91
2310,-5.75
2310,-5.56
2310,-5.37
2320,-5.19
2320,-4.99
2320,-4.78
2320,-4.56
2320,-4.32
2330,-4.07
2330,-3.81
2330,-3.55
2330,-3.27
2330,-2.99
2340,-2.7
2340,-2.39
2340,-2.08
2340,-1.76
2340,-1.44
2350,-1.1
2350,-0.77
2350,-0.42
2350,-0.07
2350,0.28
2360,0.64
2360,1
2360,1.37
2360,1.74
2360,2.11
2370,2.48
2370,2.86
2370,3.23
2370,3.61
2370,4
2380,4.37
2380,4.75
2380,5.13
2380,5.51
2380,5.89
2390,6.27
2390,6.64
2390,7.02
2390,7.38
2390,7.75
2400,8.12
2400,8.47
2400,8.83
2400,9.18
2400,9.52
2410,9.86
2410,10.19
2410,10.52
2410,10.84
2410,11.15
2420,11.46
2420,11.76
2420,12.05
2420,12.34
2420,12.61
2430,12.88
2430,13.14
2430,13.39
2430,13.63
2430,13.86
2440,14.08
2440,14.29
2440,14.5
2440,14.69
2440,14.88
2450,15.05
2450,15.21
2450,15.36
2450,15.51
2450,15.64
2460,15.77
2460,15.89
2460,15.99
2460,16.08
2460,16.16
2470,16.23
2470,16.29
2470,16.33
2470,16.36
2470,16.39
2480,16.4
2480,16.41
2480,16.4
2480,16.37
2480,16.35
2490,16.31
2490,16.25
2490,16.19
2490,16.12
2490,16.03
2500,15.93
2500,15.81
2500,15.68
2500,15.53
2500,15.38
2510,15.21
2510,15.03
2510,14.84
2510,14.63
2510,14.41
2520,14.19
2520,13.95
2520,13.7
2520,13.44
2520,13.17
2530,12.89
2530,12.6
2530,12.31
2530,12
2530,11.69
2540,11.37
2540,11.04
2540,10.71
2540,10.37
2540,10.02
2550,9.67
2550,9.31
2550,8.95
2550,8.58
2550,8.21
2560,7.83
2560,7.46
2560,7.08
2560,6.69
2560,6.31
2570,5.93
2570,5.54
2570,5.15
2570,4.77
2570,4.38
2580,4
2580,3.61
2580,3.23
2580,2.85
2580,2.46
2590,2.09
2590,1.72
2590,1.35
2590,0.98
2590,0.62
2600,0.27
2600,-0.08
2600,-0.43
2600,-0.77
2600,-1.1
2610,-1.43
2610,-1.75
2610,-2.06
2610,-2.36
2610,-2.66
2620,-2.95
2620,-3.23
2620,-3.5
2620,-3.77
2620,-4.03
2630,-4.27
2630,-4.51
2630,-4.74
2630,-4.96
2630,-5.16
2640,-5.36
2640,-5.55
2640,-5.73
2640,-5.9
2640,-6.06
2650,-6.2
2650,-6.34
2650,-6.46
2650,-6.58
2650,-6.68
2660,-6.77
2660,-6.84
2660,-6.91
2660,-6.97
2660,-7.02
2670,-7.06
2670,-7.09
2670,-7.1
2670,-7.1
2670,-7.1
2680,-7.08
2680,-7.05
2680,-7.01
2680,-6.97
2680,-6.91
2690,-6.84
2690,-6.74
2690,-6.66
2690,-6.56
2690,-6.45
2700,-6.32
2700,-6.18
2700,-6.02
2700,-5.85
2700,-5.67
2710,-5.47
2710,-5.27
2710,-5.05
2710,-4.82
2710,-4.58
2720,-4.33
2720,-4.07
2720,-3.8
2720,-3.52
2720,-3.23
2730,-2.94
2730,-2.63
2730,-2.32
2730,-2
2730,-1.67
2740,-1.33
2740,-0.99
2740,-0.64
2740,-0.29
2740,0.07
2750,0.43
2750,0.8
2750,1.17
2750,1.55
2750,1.92
2760,2.3
2760,2.68
2760,3.07
2760,3.45
2760,3.84
2770,4.22
2770,4.61
2770,5
2770,5.38
2770,5.77
2780,6.15
2780,6.53
2780,6.9
2780,7.28
2780,7.65
2790,8.02
2790,8.38
2790,8.74
2790,9.09
2790,9.44
2800,9.79
2800,10.12
2800,10.45
2800,10.78
2800,11.1
2810,11.4
2810,11.71
2810,12.01
2810,12.3
2810,12.58
2820,12.86
2820,13.12
2820,13.38
2820,13.62
2820,13.86
2830,14.09
2830,14.3
2830,14.51
2830,14.7
2830,14.89
2840,15.07
2840,15.23
2840,15.39
2840,15.53
2840,15.67
2850,15.79
2850,15.91
2850,16.01
2850,16.1
2850,16.18
2860,16.25
2860,16.3
2860,16.35
2860,16.39
2860,16.41
2870,16.42
2870,16.42
2870,16.41
2870,16.39
2870,16.36
2880,16.32
2880,16.28
2880,16.2
2880,16.13
2880,16.05
2890,15.96
2890,15.85
2890,15.73
2890,15.6
2890,15.46
2900,15.31
2900,15.15
2900,14.98
2900,14.8
2900,14.6
2910,14.4
2910,14.19
2910,13.97
2910,13.75
2910,13.51
2920,13.27
2920,13.02
2920,12.76
2920,12.49
2920,12.22
2930,11.94
2930,11.66
2930,11.36
2930,11.07
2930,10.77
2940,10.46
2940,10.15
2940,9.83
2940,9.51
2940,9.19
2950,8.86
2950,8.54
2950,8.21
2950,7.88
2950,7.54
2960,7.21
2960,6.88
2960,6.55
2960,6.21
2960,5.88
2970,5.55
2970,5.21
2970,4.88
2970,4.56
2970,4.23
2980,3.91
2980,3.59
2980,3.27
2980,2.96
2980,2.65
2990,2.35
2990,2.04
2990,1.75
2990,1.46
2990,1.17
3000,0.9
3000,0.63
3000,0.36
3000,0.1
3000,-0.15
3010,-0.4
3010,-0.64
3010,-0.88
3010,-1.1
3010,-1.31
3020,-1.52
3020,-1.73
3020,-1.92
3020,-2.1
3020,-2.27
3030,-2.44
3030,-2.59
3030,-2.74
3030,-2.88
3030,-3.01
3040,-3.13
3040,-3.24
3040,-3.34
3040,-3.44
3040,-3.52
3050,-3.59
3050,-3.66
3050,-3.71
3050,-3.76
3050,-3.79
3060,-3.81
3060,-3.83
3060,-3.84
3060,-3.83
3060,-3.82
3070,-3.79
3070,-3.77
3070,-3.73
3070,-3.68
3070,-3.62
3080,-3.55
3080,-3.48
3080,-3.39
3080,-3.3
3080,-3.2
3090,-3.09
3090,-2.97
3090,-2.85
3090,-2.72
3090,-2.57
3100,-2.43
3100,-2.28
3100,-2.12
3100,-1.95
3100,-1.78
3110,-1.6
3110,-1.42
3110,-1.23
3110,-1.03
3110,-0.84
3120,-0.63
3120,-0.42
3120,-0.21
3120,0.01
3120,0.23
3130,0.45
3130,0.68
3130,0.91
3130,1.14
3130,1.38
3140,1.62
3140,1.86
3140,2.11
3140,2.35
3140,2.59
3150,2.84
3150,3.09
3150,3.33
3150,3.58
3150,3.83
3160,4.07
3160,4.32
3160,4.56
3160,4.8
3160,5.04
3170,5.28
3170,5.52
3170,5.75
3170,5.99
3170,6.21
3180,6.44
3180,6.66
3180,6.88
3180,7.1
3180,7.31
3190,7.52
3190,7.72
3190,7.92
3190,8.12
3190,8.3
3200,8.49
3200,8.67
3200,8.84
3200,9.01
3200,9.17
3210,9.33
3210,9.48
3210,9.63
3210,9.77
3210,9.9
3220,10.03
3220,10.15
3220,10.27
3220,10.37
3220,10.47
3230,10.56
3230,10.65
3230,10.73
3230,10.8
3230,10.87
3240,10.93
3240,10.98
3240,11.03
3240,11.07
3240,11.09
3250,11.12
3250,11.13
3250,11.15
3250,11.15
3250,11.15
3260,11.13
3260,11.12
3260,11.09
3260,11.06
3260,11.02
3270,10.98
3270,10.93
3270,10.87
3270,10.81
3270,10.74
3280,10.67
3280,10.58
3280,10.5
3280,10.4
3280,10.31
3290,10.2
3290,10.1
3290,9.98
3290,9.87
3290,9.75
3300,9.62
3300,9.49
3300,9.35
3300,9.21
3300,9.06
3310,8.92
3310,8.76
3310,8.61
3310,8.45
3310,8.29
3320,8.13
3320,7.96
3320,7.79
3320,7.62
3320,7.45
3330,7.27
3330,7.09
3330,6.92
3330,6.74
3330,6.56
3340,6.38
3340,6.2
3340,6.02
3340,5.84
3340,5.66
3350,5.48
3350,5.29
3350,5.11
3350,4.93
3350,4.76
3360,4.58
3360,4.4
3360,4.23
3360,4.05
3360,3.88
3370,3.71
3370,3.55
3370,3.38
3370,3.22
3370,3.06
3380,2.91
3380,2.75
3380,2.6
3380,2.46
3380,2.31
3390,2.17
3390,2.04
3390,1.9
3390,1.78
3390,1.65
3400,1.53
3400,1.41
3400,1.3
3400,1.19
3400,1.09
3410,0.99
3410,0.9
3410,0.81
3410,0.72
3410,0.64
3420,0.57
3420,0.5
3420,0.44
3420,0.38
3420,0.32
3430,0.28
3430,0.23
3430,0.19
3430,0.16
3430,0.13
3440,0.11
3440,0.09
3440,0.08
3440,0.08
3440,0.07
3450,0.08
3450,0.09
3450,0.11
3450,0.12
3450,0.15
3460,0.18
3460,0.21
3460,0.25
3460,0.29
3460,0.34
3470,0.4
3470,0.45
3470,0.51
3470,0.58
3470,0.65
3480,0.72
3480,0.8
3480,0.88
3480,0.97
3480,1.06
3490,1.15
3490,1.24
3490,1.34
3490,1.45
3490,1.55
3500,1.66
3500,1.77
3500,1.88
3500,2
3500,2.11
3510,2.23
3510,2.36
3510,2.48
3510,2.6
3510,2.73
3520,2.86
3520,2.99
3520,3.12
3520,3.25
3520,3.38
3530,3.51
3530,3.65
3530,3.78
3530,3.91
3530,4.05
3540,4.18
3540,4.31
3540,4.44
3540,4.57
3540,4.7
3550,4.84
3550,4.97
3550,5.1
3550,5.23
3550,5.35
3560,5.48
3560,5.6
3560,5.73
3560,5.85
3560,5.96
3570,6.08
3570,6.19
3570,6.31
3570,6.42
3570,6.53
3580,6.63
3580,6.73
3580,6.83
3580,6.93
3580,7.02
3590,7.11
3590,7.19
3590,7.27
3590,7.35
3590,7.43
3600,7.5
3600,7.57
3600,7.64
3600,7.7
3600,7.76
3610,7.82
3610,7.87
3610,7.92
3610,7.96
3610,8
3620,8.03
3620,8.07
3620,8.09
3620,8.12
3620,8.14
3630,8.16
3630,8.17
3630,8.18
3630,8.19
3630,8.19
3640,8.19
3640,8.18
3640,8.17
3640,8.16
3640,8.14
3650,8.12
3650,8.1
3650,8.07
3650,8.04
3650,8.01
3660,7.97
3660,7.93
3660,7.88
3660,7.84
3660,7.79
3670,7.74
3670,7.68
3670,7.62
3670,7.56
3670,7.5
3680,7.43
3680,7.36
3680,7.29
3680,7.21
3680,7.14
3690,7.06
3690,6.98
3690,6.9
3690,6.81
3690,6.73
3700,6.64
3700,6.55
3700,6.46
3700,6.37
3700,6.28
3710,6.18
3710,6.09
3710,5.99
3710,5.89
3710,5.8
3720,5.7
3720,5.6
3720,5.5
3720,5.4
3720,5.3
3730,5.2
3730,5.1
3730,5
3730,4.91
3730,4.81
3740,4.72
3740,4.62
3740,4.53
3740,4.43
3740,4.34
3750,4.25
3750,4.16
3750,4.07
3750,3.98
3750,3.9
3760,3.81
3760,3.73
3760,3.65
3760,3.57
3760,3.5
3770,3.42
3770,3.35
3770,3.28
3770,3.21
3770,3.14
3780,3.08
3780,3.02
3780,2.96
3780,2.9
3780,2.85
3790,2.8
3790,2.74
3790,2.69
3790,2.65
3790,2.61
3800,2.57
3800,2.53
3800,2.5
3800,2.46
3800,2.44
3810,2.41
3810,2.39
3810,2.37
3810,2.35
3810,2.33
3820,2.32
3820,2.31
3820,2.3
3820,2.3
3820,2.3
3830,2.3
3830,2.3
3830,2.31
3830,2.32
3830,2.33
3840,2.35
3840,2.37
3840,2.39
3840,2.41
3840,2.43
3850,2.46
3850,2.49
3850,2.53
3850,2.56
3850,2.6
3860,2.64
3860,2.68
3860,2.72
3860,2.77
3860,2.81
3870,2.86
3870,2.92
3870,2.97
3870,3.02
3870,3.07
3880,3.13
3880,3.19
3880,3.25
3880,3.31
3880,3.37
3890,3.44
3890,3.5
3890,3.57
3890,3.63
3890,3.7
3900,3.77
3900,3.84
3900,3.9
3900,3.97
3900,4.04
3910,4.11
3910,4.18
3910,4.25
3910,4.32
3910,4.39
3920,4.46
3920,4.53
3920,4.6
3920,4.67
3920,4.74
3930,4.81
3930,4.88
3930,4.95
3930,5.02
3930,5.09
3940,5.15
3940,5.22
3940,5.28
3940,5.34
3940,5.41
3950,5.47
3950,5.53
3950,5.59
3950,5.64
3950,5.7
3960,5.75
3960,5.81
3960,5.86
3960,5.91
3960,5.96
3970,6
3970,6.05
3970,6.09
3970,6.13
3970,6.17
3980,6.21
3980,6.25
3980,6.28
3980,6.32
3980,6.34
3990,6.37
3990,6.4
3990,6.43
3990,6.45
3990,6.47
4000,6.49
4000,6.51
4000,6.52
4000,6.53
4000,6.55
4010,6.55
4010,6.56
4010,6.57
4010,6.57
4010,6.57
4020,6.57
4020,6.57
4020,6.56
4020,6.56
4020,6.55
4030,6.54
4030,6.52
4030,6.51
4030,6.49
4030,6.48
4040,6.46
4040,6.43
4040,6.41
4040,6.39
4040,6.36
4050,6.33
4050,6.3
4050,6.27
4050,6.24
4050,6.21
4060,6.17
4060,6.14
4060,6.09
4060,6.05
4060,6.01
4070,5.97
4070,5.93
4070,5.88
4070,5.84
4070,5.79
4080,5.75
4080,5.7
4080,5.65
4080,5.6
4080,5.55
4090,5.5
4090,5.45
4090,5.39
4090,5.34
4090,5.29
4100,5.24
4100,5.19
4100,5.14
4100,5.08
4100,5.03
4110,4.97
4110,4.92
4110,4.87
4110,4.82
4110,4.77
4120,4.72
4120,4.66
4120,4.61
4120,4.56
4120,4.51
4130,4.46
4130,4.41
4130,4.37
4130,4.32
4130,4.27
4140,4.23
4140,4.18
4140,4.14
4140,4.1
4140,4.06
4150,4.02
4150,3.98
4150,3.94
4150,3.91
4150,3.87
4160,3.84
4160,3.8
4160,3.77
4160,3.74
4160,3.71
4170,3.68
4170,3.66
4170,3.63
4170,3.6
4170,3.58
4180,3.56
4180,3.54
4180,3.52
4180,3.5
4180,3.48
4190,3.47
4190,3.46
4190,3.44
4190,3.43
4190,3.42
4200,3.42
4200,3.41
4200,3.41
4200,3.4
4200,3.4
4210,3.4
4210,3.4
4210,3.4
4210,3.41
4210,3.41
4220,3.42
4220,3.42
4220,3.43
4220,3.44
4220,3.45
4230,3.47
4230,3.48
4230,3.5
4230,3.51
4230,3.53
4240,3.55
4240,3.57
4240,3.59
4240,3.62
4240,3.64
4250,3.66
4250,3.69
4250,3.71
4250,3.74
4250,3.77
4260,3.8
4260,3.83
4260,3.86
4260,3.9
4260,3.93
4270,3.96
4270,4
4270,4.03
4270,4.07
4270,4.11
4280,4.14
4280,4.18
4280,4.22
4280,4.26
4280,4.29
4290,4.33
4290,4.37
4290,4.41
4290,4.45
4290,4.49
4300,4.53
4300,4.57
4300,4.61
4300,4.65
4300,4.69
4310,4.73
4310,4.77
4310,4.8
4310,4.84
4310,4.88
4320,4.92
4320,4.95
4320,4.99
4320,5.03
4320,5.07
4330,5.1
4330,5.14
4330,5.17
4330,5.2
4330,5.23
4340,5.26
4340,5.3
4340,5.33
4340,5.36
4340,5.39
4350,5.42
4350,5.44
4350,5.47
4350,5.5
4350,5.52
4360,5.54
4360,5.57
4360,5.59
4360,5.61
4360,5.63
4370,5.65
4370,5.67
4370,5.69
4370,5.7
4370,5.72
4380,5.73
4380,5.74
4380,5.75
4380,5.77
4380,5.78
4390,5.78
4390,5.79
4390,5.8
4390,5.8
4390,5.8
4400,5.8
4400,5.81
4400,5.81
4400,5.81
4400,5.8
4410,5.8
4410,5.79
4410,5.79
4410,5.78
4410,5.77
4420,5.76
4420,5.75
4420,5.74
4420,5.73
4420,5.72
4430,5.7
4430,5.69
4430,5.67
4430,5.65
4430,5.63
4440,5.61
4440,5.59
4440,5.57
4440,5.55
4440,5.53
4450,5.5
4450,5.48
4450,5.45
4450,5.43
4450,5.4
4460,5.38
4460,5.36
4460,5.33
4460,5.3
4460,5.27
4470,5.24
4470,5.22
4470,5.19
4470,5.16
4470,5.13
4480,5.1
4480,5.07
4480,5.04
4480,5.02
4480,4.98
4490,4.96
4490,4.92
4490,4.9
4490,4.87
4490,4.84
4500,4.81
4500,4.78
4500,4.75
4500,4.72
4500,4.69
4510,4.67
4510,4.64
4510,4.61
4510,4.58
4510,4.56
4520,4.53
4520,4.51
4520,4.48
4520,4.46
4520,4.44
4530,4.42
4530,4.39
4530,4.37
4530,4.35
4530,4.33
4540,4.31
4540,4.29
4540,4.27
4540,4.25
4540,4.23
4550,4.22
4550,4.2
4550,4.19
4550,4.18
4550,4.16
4560,4.15
4560,4.14
4560,4.13
4560,4.12
4560,4.11
4570,4.1
4570,4.09
4570,4.08
4570,4.08
4570,4.08
4580,4.07
4580,4.07
4580,4.06
4580,4.06
4580,4.06
4590,4.06
4590,4.07
4590,4.06
4590,4.07
4590,4.07
4600,4.07
4600,4.08
4600,4.08
4600,4.09
4600,4.09
4610,4.1
4610,4.11
4610,4.12
4610,4.13
4610,4.14
4620,4.15
4620,4.16
4620,4.18
4620,4.19
4620,4.2
4630,4.22
4630,4.23
4630,4.24
4630,4.26
4630,4.28
4640,4.29
4640,4.31
4640,4.33
4640,4.35
4640,4.36
4650,4.38
4650,4.4
4650,4.42
4650,4.44
4650,4.46
4660,4.48
4660,4.5
4660,4.52
4660,4.54
4660,4.56
4670,4.58
4670,4.6
4670,4.62
4670,4.64
4670,4.66
4680,4.68
4680,4.7
4680,4.72
4680,4.74
4680,4.76
4690,4.78
4690,4.8
4690,4.81
4690,4.83
4690,4.85
4700,4.87
4700,4.89
4700,4.91
4700,4.93
4700,4.94
4710,4.96
4710,4.98
4710,5
4710,5.01
4710,5.03
4720,5.05
4720,5.06
4720,5.08
4720,5.09
4720,5.11
4730,5.12
4730,5.14
4730,5.15
4730,5.16
4730,5.17
4740,5.18
4740,5.2
4740,5.21
4740,5.22
4740,5.23
4750,5.24
4750,5.25
4750,5.26
4750,5.26
4750,5.27
4760,5.28
4760,5.29
4760,5.29
4760,5.3
4760,5.3
4770,5.31
4770,5.31
4770,5.32
4770,5.32
4770,5.32
4780,5.32
4780,5.33
4780,5.33
4780,5.32
4780,5.32
4790,5.32
4790,5.32
4790,5.32
4790,5.32
4790,5.31
4800,5.31
4800,5.3
4800,5.29
4800,5.29
4800,5.28
4810,5.28
4810,5.27
4810,5.26
4810,5.25
4810,5.24
4820,5.23
4820,5.22
4820,5.21
4820,5.2
4820,5.19
4830,5.18
4830,5.16
4830,5.15
4830,5.14
4830,5.13
4840,5.11
4840,5.1
4840,5.09
4840,5.08
4840,5.06
4850,5.04
4850,5.03
4850,5.02
4850,5
4850,4.99
4860,4.97
4860,4.96
4860,4.95
4860,4.93
4860,4.92
4870,4.9
4870,4.89
4870,4.87
4870,4.85
4870,4.84
4880,4.82
4880,4.81
4880,4.79
4880,4.78
4880,4.76
4890,4.75
4890,4.73
4890,4.72
4890,4.7
4890,4.69
4900,4.67
4900,4.66
4900,4.64
4900,4.63
4900,4.62
4910,4.6
4910,4.59
4910,4.57
4910,4.56
4910,4.55
4920,4.54
4920,4.53
4920,4.51
4920,4.5
4920,4.49
4930,4.48
4930,4.47
4930,4.46
4930,4.45
4930,4.44
4940,4.43
4940,4.42
4940,4.41
4940,4.4
4940,4.4
4950,4.39
4950,4.39
4950,4.38
4950,4.37
4950,4.37
4960,4.36
4960,4.36
4960,4.35
4960,4.35
4960,4.35
4970,4.35
4970,4.34
4970,4.34
4970,4.34
4970,4.34
4980,4.34
4980,4.34
4980,4.35
4980,4.35
4980,4.35
4990,4.35
4990,4.36
4990,4.36
4990,4.36
4990,4.37
5000,4.37
5000,4.37
5000,4.38
5000,4.39
5000,4.39
5010,4.4
5010,4.41
5010,4.42
5010,4.43
5010,4.43
5020,4.45
5020,4.45
5020,4.46
5020,4.47
5020,4.48
5030,4.49
5030,4.5
5030,4.5
5030,4.52
5030,4.53
5040,4.54
5040,4.55
5040,4.56
5040,4.57
5040,4.58
5050,4.59
5050,4.6
5050,4.61
5050,4.63
5050,4.64
5060,4.65
5060,4.66
5060,4.67
5060,4.68
5060,4.69
5070,4.7
5070,4.72
5070,4.73
5070,4.74
5070,4.75
5080,4.76
5080,4.77
5080,4.78
5080,4.79
5080,4.8
5090,4.81
5090,4.82
5090,4.83
5090,4.83
5090,4.84
5100,4.85
5100,4.86
5100,4.87
5100,4.88
5100,4.88
5110,4.89
5110,4.89
5110,4.9
5110,4.91
5110,4.91
5120,4.92
5120,4.92
5120,4.93
5120,4.93
5120,4.94
5130,4.95
5130,4.95
5130,4.96
5130,4.96
5130,4.96
5140,4.97
5140,4.97
5140,4.98
5140,4.98
5140,4.98
5150,4.99
5150,4.99
5150,4.99
5150,4.99
5150,5
5160,5
5160,5
5160,5
5160,5
5160,5
5170,5
5170,5.01
5170,5.01
5170,5.01
5170,5
5180,5
5180,5
5180,5
5180,5
5180,5
5190,5
5190,5
5190,5
5190,4.99
5190,4.99
5200,4.99
5200,4.99
5200,4.98
5200,4.98
5200,4.97
5210,4.97
5210,4.96
5210,4.96
5210,4.95
5210,4.95
5220,4.94
5220,4.93
5220,4.92
5220,4.92
5220,4.91
5230,4.9
5230,4.89
5230,4.88
5230,4.87
5230,4.86
5240,4.85
5240,4.85
5240,4.84
5240,4.83
5240,4.82
5250,4.81
5250,4.8
5250,4.79
5250,4.78
5250,4.77
5260,4.76
5260,4.75
5260,4.75
5260,4.74
5260,4.73
5270,4.72
5270,4.71
5270,4.7
5270,4.7
5270,4.69
5280,4.68
5280,4.67
5280,4.67
5280,4.66
5280,4.65
5290,4.65
5290,4.64
5290,4.63
5290,4.63
5290,4.62
5300,4.61
5300,4.61
5300,4.6
5300,4.6
5300,4.59
5310,4.59
5310,4.58
5310,4.58
5310,4.58
5310,4.58
5320,4.57
5320,4.57
5320,4.57
5320,4.57
5320,4.56
5330,4.56
5330,4.56
5330,4.56
5330,4.56
5330,4.55
5340,4.55
5340,4.55
5340,4.55
5340,4.56
5340,4.56
5350,4.56
5350,4.56
5350,4.56
5350,4.56
5350,4.56
5360,4.57
5360,4.57
5360,4.57
5360,4.57
5360,4.57
5370,4.58
5370,4.58
5370,4.58
5370,4.58
5370,4.59
5380,4.59
5380,4.6
5380,4.6
5380,4.6
5380,4.61
5390,4.61
5390,4.62
5390,4.62
5390,4.63
5390,4.64
5400,4.64
5400,4.65
5400,4.65
5400,4.66
5400,4.67
5410,4.67
5410,4.68
5410,4.69
5410,4.69
5410,4.7
5420,4.71
5420,4.71
5420,4.72
5420,4.73
5420,4.73
5430,4.74
5430,4.75
5430,4.75
5430,4.76
5430,4.77
5440,4.78
5440,4.79
5440,4.8
5440,4.8
5440,4.81
5450,4.82
5450,4.82
5450,4.83
5450,4.84
5450,4.85
5460,4.85
5460,4.86
5460,4.87
5460,4.87
5460,4.88
5470,4.89
5470,4.9
5470,4.9
5470,4.91
5470,4.91
5480,4.92
5480,4.93
5480,4.93
5480,4.94
5480,4.94
5490,4.94
5490,4.95
5490,4.96
5490,4.96
5490,4.96
5500,4.97
5500,4.97
5500,4.97
5500,4.98
5500,4.98
5510,4.98
5510,4.98
5510,4.98
5510,4.98
5510,4.98
5520,4.98
5520,4.99
5520,4.98
5520,4.98
5520,4.98
5530,4.98
5530,4.98
5530,4.98
5530,4.98
5530,4.98
5540,4.98
5540,4.97
5540,4.97
5540,4.97
5540,4.96
5550,4.96
5550,4.96
5550,4.95
5550,4.95
5550,4.94
5560,4.94
5560,4.93
5560,4.93
5560,4.92
5560,4.92
5570,4.91
5570,4.91
5570,4.91
5570,4.9
5570,4.89
5580,4.88
5580,4.88
5580,4.87
5580,4.87
5580,4.86
5590,4.85
5590,4.85
5590,4.84
5590,4.83
5590,4.82
5600,4.81
5600,4.81
5600,4.8
5600,4.79
5600,4.79
5610,4.78
5610,4.77
5610,4.77
5610,4.76
5610,4.75
5620,4.75
5620,4.74
5620,4.73
5620,4.73
5620,4.72
5630,4.71
5630,4.7
5630,4.7
5630,4.69
5630,4.69
5640,4.68
5640,4.67
5640,4.67
5640,4.67
5640,4.66
5650,4.66
5650,4.65
5650,4.65
5650,4.65
5650,4.64
5660,4.64
5660,4.63
5660,4.63
5660,4.62
5660,4.62
5670,4.62
5670,4.61
5670,4.61
5670,4.61
5670,4.61
5680,4.6
5680,4.6
5680,4.6
5680,4.59
5680,4.59
5690,4.59
5690,4.59
5690,4.59
5690,4.59
5690,4.59
5700,4.59
5700,4.59
5700,4.59
5700,4.59
5700,4.59
5710,4.59
5710,4.59
5710,4.59
5710,4.6
5710,4.6
5720,4.6
5720,4.6
5720,4.6
5720,4.6
5720,4.6
5730,4.6
5730,4.6
5730,4.61
5730,4.61
5730,4.61
5740,4.61
5740,4.61
5740,4.62
5740,4.62
5740,4.62
5750,4.63
5750,4.63
5750,4.63
5750,4.64
5750,4.64
5760,4.64
5760,4.65
5760,4.65
5760,4.66
5760,4.66
5770,4.66
5770,4.67
5770,4.67
5770,4.68
5770,4.68
5780,4.69
5780,4.69
5780,4.7
5780,4.7
5780,4.71
5790,4.71
5790,4.72
5790,4.72
5790,4.73
5790,4.73
5800,4.74
5800,4.75
5800,4.75
5800,4.76
5800,4.76
5810,4.77
5810,4.78
5810,4.78
5810,4.79
5810,4.79
5820,4.8
5820,4.81
5820,4.81
5820,4.82
5820,4.82
5830,4.83
5830,4.83
5830,4.84
5830,4.84
5830,4.85
5840,4.85
5840,4.86
5840,4.86
5840,4.87
5840,4.87
5850,4.87
5850,4.88
5850,4.88
5850,4.88
5850,4.89
5860,4.89
5860,4.9
5860,4.9
5860,4.9
5860,4.9
5870,4.9
5870,4.91
5870,4.91
5870,4.91
5870,4.91
5880,4.92
5880,4.92
5880,4.92
5880,4.92
5880,4.92
5890,4.92
5890,4.92
5890,4.92
5890,4.92
5890,4.92
5900,4.92
5900,4.92
5900,4.93
5900,4.93
5900,4.93
5910,4.93
5910,4.93
5910,4.93
5910,4.93
5910,4.93
5920,4.93
5920,4.92
5920,4.92
5920,4.92
5920,4.92
5930,4.92
5930,4.91
5930,4.91
5930,4.91
5930,4.91
5940,4.9
5940,4.9
5940,4.9
5940,4.89
5940,4.89
5950,4.89
5950,4.89
5950,4.88
5950,4.88
5950,4.88
5960,4.87
5960,4.87
5960,4.86
5960,4.86
5960,4.86
5970,4.85
5970,4.85
5970,4.84
5970,4.84
5970,4.83
5980,4.83
5980,4.82
5980,4.82
5980,4.81
5980,4.81
5990,4.8
5990,4.8
5990,4.79
5990,4.79
5990,4.78
6000,4.78
6000,4.77
6000,4.77
6000,4.76
6000,4.76
6010,4.76
6010,4.75
6010,4.75
6010,4.75
6010,4.74
6020,4.74
6020,4.73
6020,4.73
6020,4.73
6020,4.72
6030,4.72
6030,4.72
6030,4.71
6030,4.71
6030,4.71
6040,4.7
6040,4.7
6040,4.7
6040,4.69
6040,4.69
6050,4.68
6050,4.68
6050,4.68
6050,4.68
6050,4.67
6060,4.67
6060,4.67
6060,4.67
6060,4.66
6060,4.66
6070,4.66
6070,4.66
6070,4.66
6070,4.66
6070,4.65
6080,4.65
6080,4.65
6080,4.65
6080,4.65
6080,4.65
6090,4.65
6090,4.65
6090,4.65
6090,4.65
6090,4.65
6100,4.64
6100,4.64
6100,4.64
6100,4.64
6100,4.64
6110,4.64
6110,4.64
6110,4.64
6110,4.64
6110,4.64
6120,4.64
6120,4.64
6120,4.64
6120,4.64
6120,4.65
6130,4.65
6130,4.65
6130,4.65
6130,4.65
6130,4.65
6140,4.65
6140,4.66
6140,4.66
6140,4.66
6140,4.66
6150,4.66
6150,4.66
6150,4.67
6150,4.67
6150,4.67
6160,4.67
6160,4.68
6160,4.68
6160,4.68
6160,4.68
6170,4.69
6170,4.69
6170,4.69
6170,4.7
6170,4.7
6180,4.7
6180,4.7
6180,4.71
6180,4.71
6180,4.72
6190,4.72
6190,4.73
6190,4.73
6190,4.74
6190,4.74
6200,4.75
6200,4.75
6200,4.76
6200,4.76
6200,4.77
6210,4.77
6210,4.77
6210,4.78
6210,4.78
6210,4.79
6220,4.79
6220,4.8
6220,4.8
6220,4.81
6220,4.81
6230,4.82
6230,4.82
6230,4.83
6230,4.83
6230,4.84
6240,4.84
6240,4.85
6240,4.85
6240,4.86
6240,4.86
6250,4.86
6250,4.86
6250,4.87
6250,4.87
6250,4.88
6260,4.87
6260,4.88
6260,4.88
6260,4.88
6260,4.89
6270,4.89
6270,4.89
6270,4.9
6270,4.9
6270,4.9
6280,4.9
6280,4.9
6280,4.9
6280,4.9
6280,4.91
6290,4.9
6290,4.9
6290,4.9
6290,4.9
6290,4.9
6300,4.9
6300,4.9
6300,4.9
6300,4.9
6300,4.9
6310,4.9
6310,4.9
6310,4.9
6310,4.9
6310,4.89
6320,4.89
6320,4.89
6320,4.89
6320,4.89
6320,4.89
6330,4.89
6330,4.89
6330,4.88
6330,4.87
6330,4.87
6340,4.87
6340,4.87
6340,4.87
6340,4.86
6340,4.86
6350,4.86
6350,4.85
6350,4.85
6350,4.85
6350,4.84
6360,4.84
6360,4.83
6360,4.83
6360,4.83
6360,4.82
6370,4.82
6370,4.82
6370,4.81
6370,4.81
6370,4.81
6380,4.8
6380,4.8
6380,4.8
6380,4.79
6380,4.78
6390,4.78
6390,4.78
6390,4.77
6390,4.77
6390,4.76
6400,4.76
6400,4.76
6400,4.75
6400,4.75
6400,4.74
6410,4.74
6410,4.73
6410,4.73
6410,4.72
6410,4.72
6420,4.71
6420,4.71
6420,4.71
6420,4.71
6420,4.7
6430,4.7
6430,4.7
6430,4.69
6430,4.69
6430,4.69
6440,4.68
6440,4.68
6440,4.68
6440,4.68
6440,4.67
6450,4.67
6450,4.66
6450,4.66
6450,4.66
6450,4.66
6460,4.65
6460,4.65
6460,4.65
6460,4.65
6460,4.65
6470,4.65
6470,4.64
6470,4.64
6470,4.64
6470,4.64
6480,4.64
6480,4.64
6480,4.64
6480,4.64
6480,4.63
6490,4.64
6490,4.63
6490,4.63
6490,4.63
6490,4.63
6500,4.63
6500,4.63
6500,4.63
6500,4.63
6500,4.63
6510,4.63
6510,4.63
6510,4.63
6510,4.63
6510,4.64
6520,4.64
6520,4.64
6520,4.64
6520,4.64
6520,4.64
6530,4.64
6530,4.64
6530,4.64
6530,4.64
6530,4.64
6540,4.64
6540,4.64
6540,4.64
6540,4.64
6540,4.64
6550,4.65
6550,4.65
6550,4.65
6550,4.65
6550,4.65
6560,4.65
6560,4.65
6560,4.65
6560,4.65
6560,4.65
6570,4.65
6570,4.65
6570,4.65
6570,4.66
6570,4.66
6580,4.66
6580,4.66
6580,4.66
6580,4.66
6580,4.66
6590,4.67
6590,4.67
6590,4.67
6590,4.68
6590,4.68
6600,4.69
6600,4.69
6600,4.69
6600,4.69
6600,4.69
6610,4.7
6610,4.7
6610,4.7
6610,4.71
6610,4.71
6620,4.71
6620,4.71
6620,4.71
6620,4.72
6620,4.72
6630,4.72
6630,4.72
6630,4.73
6630,4.73
6630,4.73
6640,4.74
6640,4.74
6640,4.74
6640,4.75
6640,4.75
6650,4.75
6650,4.76
6650,4.76
6650,4.77
6650,4.77
6660,4.78
6660,4.78
6660,4.78
6660,4.78
6660,4.79
6670,4.79
6670,4.79
6670,4.79
6670,4.79
6670,4.8
6680,4.8
6680,4.8
6680,4.8
6680,4.8
6680,4.8
6690,4.8
6690,4.8
6690,4.8
6690,4.8
6690,4.8
6700,4.8
6700,4.8
6700,4.8
6700,4.8
6700,4.8
6710,4.8
6710,4.8
6710,4.8
6710,4.8
6710,4.79
6720,4.79
6720,4.79
6720,4.79
6720,4.79
6720,4.79
6730,4.79
6730,4.79
6730,4.78
6730,4.78
6730,4.78
6740,4.78
6740,4.77
6740,4.77
6740,4.77
6740,4.77
6750,4.77
6750,4.76
6750,4.76
6750,4.76
6750,4.76
6760,4.75
6760,4.75
6760,4.75
6760,4.75
6760,4.75
6770,4.74
6770,4.74
6770,4.74
6770,4.74
6770,4.74
6780,4.73
6780,4.73
6780,4.73
6780,4.72
6780,4.72
6790,4.72
6790,4.72
6790,4.71
6790,4.71
6790,4.71
6800,4.7
6800,4.7
6800,4.7
6800,4.69
6800,4.69
6810,4.69
6810,4.69
6810,4.68
6810,4.68
6810,4.68
6820,4.67
6820,4.67
6820,4.66
6820,4.66
6820,4.66
6830,4.66
6830,4.65
6830,4.65
6830,4.65
6830,4.65
6840,4.64
6840,4.64
6840,4.64
6840,4.64
6840,4.63
6850,4.63
6850,4.63
6850,4.63
6850,4.63
6850,4.63
6860,4.62
6860,4.62
6860,4.62
6860,4.62
6860,4.61
6870,4.61
6870,4.61
6870,4.61
6870,4.61
6870,4.61
6880,4.6
6880,4.6
6880,4.6
6880,4.6
6880,4.6
6890,4.59
6890,4.59
6890,4.59
6890,4.59
6890,4.59
6900,4.59
6900,4.59
6900,4.59
6900,4.59
6900,4.59
6910,4.59
6910,4.58
6910,4.59
6910,4.59
6910,4.59
6920,4.59
6920,4.59
6920,4.59
6920,4.59
6920,4.59
6930,4.6
6930,4.6
6930,4.6
6930,4.6
6930,4.6
6940,4.6
6940,4.6
6940,4.6
6940,4.61
6940,4.61
6950,4.61
6950,4.62
6950,4.62
6950,4.62
6950,4.63
6960,4.63
6960,4.63
6960,4.63
6960,4.63
6960,4.64
6970,4.64
6970,4.65
6970,4.65
6970,4.65
6970,4.65
6980,4.65
6980,4.66
6980,4.66
6980,4.66
6980,4.67
6990,4.67
6990,4.67
6990,4.67
6990,4.68
6990,4.68
7000,4.69
7000,4.69
7000,4.69
7000,4.7
7000,4.7
7010,4.71
7010,4.71
7010,4.72
7010,4.72
7010,4.73
7020,4.73
7020,4.73
7020,4.73
7020,4.74
7020,4.74
7030,4.75
7030,4.75
7030,4.75
7030,4.76
7030,4.76
7040,4.77
7040,4.77
7040,4.77
7040,4.78
7040,4.78
7050,4.78
7050,4.79
7050,4.79
7050,4.8
7050,4.8
7060,4.81
7060,4.81
7060,4.81
7060,4.81
7060,4.82
7070,4.82
7070,4.83
7070,4.83
7070,4.83
7070,4.84
7080,4.84
7080,4.84
7080,4.84
7080,4.84
7080,4.85
7090,4.85
7090,4.85
7090,4.85
7090,4.86
7090,4.86
7100,4.86
7100,4.86
7100,4.86
7100,4.86
7100,4.86
7110,4.86
7110,4.86
7110,4.87
7110,4.86
7110,4.87
7120,4.87
7120,4.87
7120,4.87
7120,4.86
7120,4.86
7130,4.86
7130,4.86
7130,4.86
7130,4.86
7130,4.86
7140,4.86
7140,4.85
7140,4.85
7140,4.85
7140,4.85
7150,4.85
7150,4.84
7150,4.84
7150,4.84
7150,4.83
7160,4.83
7160,4.83
7160,4.82
7160,4.82
7160,4.81
7170,4.81
7170,4.81
7170,4.8
7170,4.8
7170,4.79
7180,4.79
7180,4.79
7180,4.78
7180,4.78
7180,4.77
7190,4.77
7190,4.76
7190,4.76
7190,4.75
7190,4.75
7200,4.74
7200,4.74
7200,4.73
7200,4.73
7200,4.72
7210,4.72
7210,4.71
7210,4.71
7210,4.7
7210,4.7
7220,4.69
7220,4.69
7220,4.68
7220,4.68
7220,4.67
7230,4.67
7230,4.66
7230,4.66
7230,4.66
7230,4.65
7240,4.65
7240,4.64
7240,4.64
7240,4.63
7240,4.63
7250,4.63
7250,4.63
7250,4.62
7250,4.62
7250,4.62
7260,4.61
7260,4.61
7260,4.6
7260,4.6
7260,4.6
7270,4.6
7270,4.6
7270,4.6
7270,4.6
7270,4.6
7280,4.59
7280,4.59
7280,4.59
7280,4.59
7280,4.59
7290,4.59
7290,4.59
7290,4.59
7290,4.59
7290,4.59
7300,4.59
7300,4.59
7300,4.59
7300,4.59
7300,4.59
7310,4.59
7310,4.59
7310,4.59
7310,4.59
7310,4.59
7320,4.59
7320,4.59
7320,4.59
7320,4.59
7320,4.59
7330,4.6
7330,4.59
7330,4.6
7330,4.6
7330,4.6
7340,4.6
7340,4.61
7340,4.61
7340,4.61
7340,4.61
7350,4.61
7350,4.61
7350,4.62
7350,4.62
7350,4.62
7360,4.63
7360,4.63
7360,4.63
7360,4.63
7360,4.64
7370,4.64
7370,4.65
7370,4.65
7370,4.65
7370,4.66
7380,4.66
7380,4.66
7380,4.67
7380,4.67
7380,4.68
7390,4.68
7390,4.69
7390,4.69
7390,4.69
7390,4.69
7400,4.7
7400,4.7
7400,4.7
7400,4.7
7400,4.71
7410,4.71
7410,4.71
7410,4.71
7410,4.72
7410,4.72
7420,4.73
7420,4.73
7420,4.73
7420,4.74
7420,4.74
7430,4.74
7430,4.74
7430,4.74
7430,4.74
7430,4.75
7440,4.75
7440,4.75
7440,4.75
7440,4.75
7440,4.75
7450,4.76
7450,4.76
7450,4.76
7450,4.76
7450,4.76
7460,4.76
7460,4.76
7460,4.77
7460,4.77
7460,4.77
7470,4.77
7470,4.77
7470,4.78
7470,4.78
7470,4.78
7480,4.78
7480,4.78
7480,4.78
7480,4.78
7480,4.78
7490,4.78
7490,4.78
7490,4.78
7490,4.78
7490,4.78
7500,4.79
7500,4.78
7500,4.79
7500,4.78
7500,4.78
7510,4.78
7510,4.78
7510,4.78
7510,4.78
7510,4.78
7520,4.78
7520,4.78
7520,4.78
7520,4.78
7520,4.78
7530,4.78
7530,4.78
7530,4.78
7530,4.78
7530,4.77
7540,4.77
7540,4.77
7540,4.77
7540,4.77
7540,4.76
7550,4.76
7550,4.76
7550,4.75
7550,4.75
7550,4.75
7560,4.74
7560,4.74
7560,4.74
7560,4.73
7560,4.73
7570,4.73
7570,4.72
7570,4.72
7570,4.72
7570,4.72
7580,4.71
7580,4.71
7580,4.71
7580,4.7
7580,4.7
7590,4.7
7590,4.7
7590,4.7
7590,4.69
7590,4.69
7600,4.69
7600,4.68
7600,4.68
7600,4.68
7600,4.68
7610,4.68
7610,4.67
7610,4.67
7610,4.67
7610,4.67
7620,4.67
7620,4.67
7620,4.67
7620,4.66
7620,4.66
7630,4.66
7630,4.66
7630,4.66
7630,4.66
7630,4.66
7640,4.66
7640,4.65
7640,4.65
7640,4.65
7640,4.66
7650,4.65
7650,4.65
7650,4.65
7650,4.65
7650,4.65
7660,4.65
7660,4.65
7660,4.65
7660,4.64
7660,4.64
7670,4.64
7670,4.64
7670,4.64
7670,4.64
7670,4.64
7680,4.64
7680,4.64
7680,4.64
7680,4.64
7680,4.64
7690,4.64
7690,4.64
7690,4.64
7690,4.64
7690,4.64
7700,4.65
7700,4.65
7700,4.64
7700,4.64
7700,4.65
7710,4.64
7710,4.64
7710,4.65
7710,4.65
7710,4.65
7720,4.65
7720,4.65
7720,4.65
7720,4.65
7720,4.66
7730,4.66
7730,4.66
7730,4.66
7730,4.66
7730,4.66
7740,4.67
7740,4.66
7740,4.67
7740,4.66
7740,4.66
7750,4.67
7750,4.66
7750,4.67
7750,4.67
7750,4.67
7760,4.67
7760,4.67
7760,4.67
7760,4.67
7760,4.67
7770,4.68
7770,4.68
7770,4.68
7770,4.68
7770,4.68
7780,4.68
7780,4.68
7780,4.68
7780,4.69
7780,4.69
7790,4.69
7790,4.69
7790,4.7
7790,4.7
7790,4.7
7800,4.7
7800,4.7
7800,4.7
7800,4.71
7800,4.71
7810,4.71
7810,4.72
7810,4.72
7810,4.72
7810,4.72
7820,4.72
7820,4.73
7820,4.73
7820,4.73
7820,4.73
7830,4.74
7830,4.74
7830,4.74
7830,4.75
7830,4.75
7840,4.75
7840,4.75
7840,4.75
7840,4.76
7840,4.76
7850,4.76
7850,4.76
7850,4.76
7850,4.76
7850,4.77
7860,4.77
7860,4.77
7860,4.77
7860,4.77
7860,4.77
7870,4.77
7870,4.77
7870,4.77
7870,4.77
7870,4.77
7880,4.76
7880,4.76
7880,4.76
7880,4.76
7880,4.76
7890,4.76
7890,4.76
7890,4.76
7890,4.75
7890,4.76
7900,4.75
7900,4.75
7900,4.75
7900,4.74
7900,4.74
7910,4.74
7910,4.74
7910,4.74
7910,4.74
7910,4.73
7920,4.73
7920,4.73
7920,4.73
7920,4.73
7920,4.73
7930,4.72
7930,4.72
7930,4.72
7930,4.72
7930,4.72
7940,4.71
7940,4.71
7940,4.71
7940,4.71
7940,4.71
7950,4.71
7950,4.71
7950,4.7
7950,4.7
7950,4.7
7960,4.69
7960,4.69
7960,4.69
7960,4.69
7960,4.69
7970,4.69
7970,4.68
7970,4.68
7970,4.68
7970,4.68
7980,4.68
7980,4.68
7980,4.67
7980,4.67
7980,4.67
7990,4.67
7990,4.67
7990,4.67
7990,4.67
7990,4.66
8000,4.66
8000,4.66
8000,4.66
8000,4.66
8000,4.66
8010,4.66
8010,4.66
8010,4.65
8010,4.66
8010,4.65
8020,4.66
8020,4.66
8020,4.65
8020,4.65
8020,4.65
8030,4.65
8030,4.65
8030,4.65
8030,4.65
8030,4.65
8040,4.64
8040,4.65
8040,4.64
8040,4.65
8040,4.64
8050,4.64
8050,4.64
8050,4.64
8050,4.64
8050,4.64
8060,4.64
8060,4.64
8060,4.64
8060,4.64
8060,4.64
8070,4.64
8070,4.64
8070,4.64
8070,4.64
8070,4.64
8080,4.64
8080,4.64
8080,4.64
8080,4.64
8080,4.64
8090,4.64
8090,4.64
8090,4.64
8090,4.64
8090,4.64
8100,4.64
8100,4.64
8100,4.63
8100,4.64
8100,4.64
8110,4.64
8110,4.64
8110,4.64
8110,4.64
8110,4.64
8120,4.64
8120,4.64
8120,4.64
8120,4.64
8120,4.64
8130,4.64
8130,4.64
8130,4.64
8130,4.64
8130,4.64
8140,4.65
8140,4.64
8140,4.65
8140,4.65
8140,4.64
8150,4.65
8150,4.65
8150,4.65
8150,4.65
8150,4.65
8160,4.65
8160,4.65
8160,4.65
8160,4.64
8160,4.64
8170,4.64
8170,4.64
8170,4.64
8170,4.64
8170,4.64
8180,4.64
8180,4.64
8180,4.64
8180,4.64
8180,4.64
8190,4.64
8190,4.64
8190,4.64
8190,4.64
8190,4.64
8200,4.64
8200,4.64
8200,4.64
8200,4.64
8200,4.64
8210,4.64
8210,4.64
8210,4.64
8210,4.64
8210,4.64
8220,4.64
8220,4.64
8220,4.64
8220,4.64
8220,4.64
8230,4.64
8230,4.64
8230,4.64
8230,4.64
8230,4.63
8240,4.63
8240,4.63
8240,4.63
8240,4.63
8240,4.63
8250,4.63
8250,4.63
8250,4.63
8250,4.63
8250,4.63
8260,4.63
8260,4.63
8260,4.63
8260,4.63
8260,4.63
8270,4.63
8270,4.63
8270,4.63
8270,4.63
8270,4.63
8280,4.63
8280,4.63
8280,4.63
8280,4.63
8280,4.63
8290,4.63
8290,4.63
8290,4.63
8290,4.63
8290,4.63
8300,4.63
8300,4.63
8300,4.63
8300,4.63
8300,4.63
8310,4.63
8310,4.63
8310,4.63
8310,4.63
8310,4.64
8320,4.63
8320,4.63
8320,4.63
8320,4.63
8320,4.64
8330,4.64
8330,4.63
8330,4.64
8330,4.63
8330,4.63
8340,4.64
8340,4.64
8340,4.64
8340,4.64
8340,4.64
8350,4.64
8350,4.64
8350,4.64
8350,4.64
8350,4.64
8360,4.64
8360,4.64
8360,4.64
8360,4.64
8360,4.64
8370,4.64
8370,4.65
8370,4.65
8370,4.65
8370,4.65
8380,4.65
8380,4.66
8380,4.66
8380,4.67
8380,4.67
8390,4.67
8390,4.67
8390,4.68
8390,4.68
8390,4.68
8400,4.69
8400,4.69
8400,4.69
8400,4.69
8400,4.69
8410,4.7
8410,4.7
8410,4.7
8410,4.7
8410,4.7
8420,4.71
8420,4.71
8420,4.71
8420,4.71
8420,4.71
8430,4.71
8430,4.71
8430,4.72
8430,4.72
8430,4.71
8440,4.71
8440,4.71
8440,4.72
8440,4.71
8440,4.72
8450,4.71
8450,4.71
8450,4.71
8450,4.71
8450,4.71
8460,4.7
8460,4.7
8460,4.7
8460,4.7
8460,4.7
8470,4.7
8470,4.69
8470,4.69
8470,4.69
8470,4.69
8480,4.69
8480,4.68
8480,4.68
8480,4.68
8480,4.68
8490,4.67
8490,4.67
8490,4.67
8490,4.66
8490,4.66
8500,4.65
8500,4.65
8500,4.65
8500,4.65
8500,4.65
8510,4.64
8510,4.64
8510,4.63
8510,4.63
8510,4.62
8520,4.62
8520,4.62
8520,4.61
8520,4.61
8520,4.6
8530,4.6
8530,4.6
8530,4.59
8530,4.59
8530,4.58
8540,4.58
8540,4.58
8540,4.57
8540,4.57
8540,4.57
8550,4.56
8550,4.56
8550,4.55
8550,4.55
8550,4.55
8560,4.55
8560,4.54
8560,4.54
8560,4.54
8560,4.54
8570,4.53
8570,4.53
8570,4.53
8570,4.52
8570,4.52
8580,4.52
8580,4.52
8580,4.52
8580,4.51
8580,4.51
8590,4.5
8590,4.5
8590,4.5
8590,4.5
8590,4.5
8600,4.5
8600,4.5
8600,4.49
8600,4.49
8600,4.5
8610,4.5
8610,4.5
8610,4.49
8610,4.49
8610,4.49
8620,4.49
8620,4.49
8620,4.49
8620,4.49
8620,4.5
8630,4.5
8630,4.5
8630,4.5
8630,4.5
8630,4.5
8640,4.51
8640,4.51
8640,4.51
8640,4.51
8640,4.51
8650,4.52
8650,4.52
8650,4.52
8650,4.52
8650,4.53
8660,4.53
8660,4.53
8660,4.54
8660,4.54
8660,4.54
8670,4.54
8670,4.54
8670,4.55
8670,4.55
8670,4.56
8680,4.56
8680,4.56
8680,4.56
8680,4.56
8680,4.57
8690,4.57
8690,4.57
8690,4.58
8690,4.58
8690,4.58
8700,4.58
8700,4.59
8700,4.59
8700,4.59
8700,4.59
8710,4.59
8710,4.59
8710,4.59
8710,4.59
8710,4.6
8720,4.6
8720,4.6
8720,4.6
8720,4.61
8720,4.61
8730,4.61
8730,4.61
8730,4.61
8730,4.61
8730,4.61
8740,4.61
8740,4.61
8740,4.62
8740,4.62
8740,4.62
8750,4.62
8750,4.62
8750,4.63
8750,4.62
8750,4.63
8760,4.62
8760,4.62
8760,4.63
8760,4.63
8760,4.63
8770,4.63
8770,4.63
8770,4.63
8770,4.63
8770,4.63
8780,4.63
8780,4.63
8780,4.63
8780,4.64
8780,4.64
8790,4.63
8790,4.64
8790,4.64
8790,4.64
8790,4.64
8800,4.64
8800,4.63
8800,4.63
8800,4.64
8800,4.63
8810,4.64
8810,4.64
8810,4.63
8810,4.63
8810,4.63
8820,4.63
8820,4.63
8820,4.63
8820,4.63
8820,4.63
8830,4.63
8830,4.64
8830,4.64
8830,4.64
8830,4.64
8840,4.64
8840,4.64
8840,4.64
8840,4.64
8840,4.64
8850,4.64
8850,4.64
8850,4.64
8850,4.65
8850,4.65
8860,4.65
8860,4.64
8860,4.64
8860,4.64
8860,4.64
8870,4.65
8870,4.65
8870,4.65
8870,4.65
8870,4.65
8880,4.65
8880,4.65
8880,4.65
8880,4.65
8880,4.65
8890,4.65
8890,4.65
8890,4.65
8890,4.65
8890,4.65
8900,4.66
8900,4.66
8900,4.66
8900,4.66
8900,4.66
8910,4.66
8910,4.67
8910,4.67
8910,4.67
8910,4.67
8920,4.68
8920,4.68
8920,4.68
8920,4.69
8920,4.69
8930,4.69
8930,4.69
8930,4.69
8930,4.7
8930,4.7
8940,4.7
8940,4.7
8940,4.7
8940,4.7
8940,4.71
8950,4.71
8950,4.71
8950,4.71
8950,4.71
8950,4.71
8960,4.71
8960,4.71
8960,4.71
8960,4.71
8960,4.71
8970,4.71
8970,4.71
8970,4.71
8970,4.71
8970,4.71
8980,4.71
8980,4.71
8980,4.71
8980,4.71
8980,4.71
8990,4.71
8990,4.7
8990,4.7
8990,4.7
8990,4.7
9000,4.7
9000,4.7
9000,4.69
9000,4.69
9000,4.69
9010,4.68
9010,4.68
9010,4.68
9010,4.68
9010,4.67
9020,4.67
9020,4.66
9020,4.66
9020,4.66
9020,4.65
9030,4.65
9030,4.65
9030,4.64
9030,4.64
9030,4.63
9040,4.63
9040,4.62
9040,4.62
9040,4.61
9040,4.61
9050,4.6
9050,4.6
9050,4.59
9050,4.59
9050,4.59
9060,4.58
9060,4.58
9060,4.58
9060,4.58
9060,4.57
9070,4.57
9070,4.57
9070,4.57
9070,4.56
9070,4.56
9080,4.55
9080,4.55
9080,4.55
9080,4.55
9080,4.54
9090,4.54
9090,4.54
9090,4.53
9090,4.53
9090,4.53
9100,4.53
9100,4.52
