0,0.53
2,0.52
4,0.53
6,0.53
8,0.53
10,0.53
12,0.53
14,0.53
16,0.54
18,0.53
20,0.54
22,0.54
24,0.55
26,0.54
28,0.55
30,0.55
32,0.55
34,0.56
36,0.55
38,0.56
40,0.56
42,0.56
44,0.56
46,0.56
48,0.56
50,0.57
52,0.57
54,0.57
56,0.57
58,0.57
60,0.57
62,0.57
64,0.58
66,0.58
68,0.58
70,0.58
72,0.59
74,0.59
76,0.59
78,0.6
80,0.6
82,0.6
84,0.6
86,0.6
88,0.6
90,0.6
92,0.61
94,0.61
96,0.61
98,0.62
100,0.62
102,0.62
104,0.62
106,0.63
108,0.63
110,0.63
112,0.64
114,0.64
116,0.64
118,0.64
120,0.64
122,0.64
124,0.64
126,0.65
128,0.65
130,0.65
132,0.66
134,0.65
136,0.66
138,0.65
140,0.66
142,0.66
144,0.66
146,0.67
148,0.66
150,0.67
152,0.67
154,0.67
156,0.67
158,0.67
160,0.67
162,0.67
164,0.68
166,0.67
168,0.67
170,0.67
172,0.67
174,0.67
176,0.67
178,0.67
180,0.67
182,0.67
184,0.67
186,0.67
188,0.67
190,0.67
192,0.66
194,0.67
196,0.67
198,0.66
200,0.66
202,0.67
204,0.67
206,0.66
208,0.66
210,0.66
212,0.66
214,0.66
216,0.66
218,0.66
220,0.66
222,0.66
224,0.66
226,0.66
228,0.66
230,0.65
232,0.65
234,0.65
236,0.65
238,0.66
240,0.65
242,0.65
244,0.65
246,0.65
248,0.65
250,0.65
252,0.65
254,0.64
256,0.64
258,0.64
260,0.64
262,0.64
264,0.63
266,0.63
268,0.63
270,0.63
272,0.62
274,0.63
276,0.63
278,0.63
280,0.62
282,0.62
284,0.62
286,0.63
288,0.62
290,0.62
292,0.62
294,0.62
296,0.62
298,0.61
300,0.62
302,0.61
304,0.61
306,0.61
308,0.61
310,0.6
312,0.6
314,0.6
316,0.6
318,0.6
320,0.6
322,0.6
324,0.6
326,0.59
328,0.59
330,0.59
332,0.58
334,0.59
336,0.59
338,0.59
340,0.6
342,0.59
344,0.58
346,0.59
348,0.59
350,0.59
352,0.58
354,0.58
356,0.58
358,0.59
360,0.59
362,0.59
364,0.58
366,0.58
368,0.59
370,0.58
372,0.58
374,0.59
376,0.59
378,0.59
380,0.59
382,0.59
384,0.59
386,0.59
388,0.59
390,0.6
392,0.6
394,0.6
396,0.6
398,0.61
400,0.6
402,0.6
404,0.61
406,0.61
408,0.61
410,0.62
412,0.61
414,0.61
416,0.61
418,0.61
420,0.62
422,0.62
424,0.62
426,0.62
428,0.63
430,0.62
432,0.63
434,0.64
436,0.64
438,0.65
440,0.65
442,0.68
444,0.68
446,0.71
448,0.7
450,0.69
452,0.7
454,0.72
456,0.74
458,0.76
460,0.78
462,0.81
464,0.83
466,0.86
468,0.89
470,0.92
472,0.95
474,0.98
476,1.02
478,1.06
480,1.1
482,1.15
484,1.19
486,1.23
488,1.27
490,1.31
492,1.36
494,1.41
496,1.45
498,1.5
500,1.55
502,1.6
504,1.66
506,1.71
508,1.76
510,1.81
512,1.86
514,1.91
516,1.97
518,2.02
520,2.09
522,2.14
524,2.19
526,2.24
528,2.3
530,2.36
532,2.41
534,2.46
536,2.52
538,2.57
540,2.63
542,2.68
544,2.74
546,2.79
548,2.85
550,2.89
552,2.94
554,3
556,3.05
558,3.1
560,3.15
562,3.19
564,3.24
566,3.28
568,3.33
570,3.38
572,3.41
574,3.46
576,3.5
578,3.54
580,3.57
582,3.61
584,3.65
586,3.68
588,3.71
590,3.74
592,3.78
594,3.8
596,3.83
598,3.86
600,3.88
602,3.91
604,3.93
606,3.95
608,3.97
610,3.98
612,3.99
614,4.01
616,4.02
618,4.03
620,4.04
622,4.04
624,4.05
626,4.06
628,4.06
630,4.06
632,4.06
634,4.06
636,4.05
638,4.05
640,4.04
642,4.03
644,4.03
646,4.01
648,4
650,3.99
652,3.97
654,3.95
656,3.94
658,3.92
660,3.9
662,3.88
664,3.85
666,3.82
668,3.8
670,3.78
672,3.75
674,3.72
676,3.69
678,3.66
680,3.62
682,3.6
684,3.56
686,3.53
688,3.5
690,3.46
692,3.43
694,3.39
696,3.36
698,3.32
700,3.28
702,3.25
704,3.21
706,3.17
708,3.13
710,3.09
712,3.04
714,3
716,2.97
718,2.93
720,2.88
722,2.84
724,2.8
726,2.76
728,2.72
730,2.68
732,2.65
734,2.61
736,2.56
738,2.51
740,2.47
742,2.41
744,2.36
746,2.3
748,2.24
750,2.17
752,2.11
754,2.04
756,1.97
758,1.9
760,1.82
762,1.74
764,1.65
766,1.58
768,1.49
770,1.41
772,1.33
774,1.23
776,1.13
778,1.05
780,0.95
782,0.86
784,0.76
786,0.66
788,0.57
790,0.46
792,0.37
794,0.26
796,0.16
798,0.06
800,-0.04
802,-0.14
804,-0.23
806,-0.33
808,-0.42
810,-0.52
812,-0.61
814,-0.7
816,-0.79
818,-0.88
820,-0.96
822,-1.05
824,-1.13
826,-1.21
828,-1.29
830,-1.37
832,-1.44
834,-1.51
836,-1.58
838,-1.65
840,-1.7
842,-1.77
844,-1.82
846,-1.88
848,-1.94
850,-1.99
852,-2.04
854,-2.08
856,-2.12
858,-2.16
860,-2.19
862,-2.22
864,-2.24
866,-2.27
868,-2.29
870,-2.32
872,-2.33
874,-2.35
876,-2.36
878,-2.36
880,-2.37
882,-2.37
884,-2.37
886,-2.36
888,-2.36
890,-2.35
892,-2.33
894,-2.32
896,-2.31
898,-2.29
900,-2.27
902,-2.24
904,-2.21
906,-2.18
908,-2.14
910,-2.11
912,-2.07
914,-2.03
916,-1.99
918,-1.94
920,-1.89
922,-1.85
924,-1.8
926,-1.74
928,-1.69
930,-1.63
932,-1.58
934,-1.52
936,-1.45
938,-1.39
940,-1.32
942,-1.26
944,-1.2
946,-1.12
948,-1.05
950,-0.98
952,-0.91
954,-0.84
956,-0.77
958,-0.7
960,-0.62
962,-0.55
964,-0.47
966,-0.4
968,-0.32
970,-0.24
972,-0.17
974,-0.09
976,-0.01
978,0.05
980,0.13
982,0.21
984,0.28
986,0.35
988,0.43
990,0.5
992,0.57
994,0.65
996,0.71
998,0.79
1000,0.85
1000,0.92
1000,0.99
1010,1.05
1010,1.11
1010,1.18
1010,1.23
1010,1.29
1020,1.35
1020,1.41
1020,1.46
1020,1.52
1020,1.57
1030,1.62
1030,1.67
1030,1.72
1030,1.76
1030,1.8
1040,1.84
1040,1.88
1040,1.92
1040,1.95
1040,1.98
1050,2.01
1050,2.04
1050,2.07
1050,2.09
1050,2.11
1060,2.13
1060,2.15
1060,2.16
1060,2.18
1060,2.19
1070,2.2
1070,2.21
1070,2.21
1070,2.22
1070,2.22
1080,2.21
1080,2.2
1080,2.2
1080,2.2
1080,2.18
1090,2.17
1090,2.16
1090,2.14
1090,2.12
1090,2.1
1100,2.08
1100,2.06
1100,2.03
1100,2.01
1100,1.98
1110,1.94
1110,1.91
1110,1.88
1110,1.85
1110,1.81
1120,1.77
1120,1.74
1120,1.69
1120,1.65
1120,1.6
1130,1.56
1130,1.51
1130,1.47
1130,1.42
1130,1.37
1140,1.32
1140,1.27
1140,1.22
1140,1.17
1140,1.11
1150,1.06
1150,1.01
1150,0.95
1150,0.9
1150,0.84
1160,0.78
1160,0.73
1160,0.68
1160,0.62
1160,0.57
1170,0.51
1170,0.45
1170,0.4
1170,0.34
1170,0.29
1180,0.23
1180,0.18
1180,0.13
1180,0.08
1180,0.03
1190,-0.03
1190,-0.08
1190,-0.13
1190,-0.18
1190,-0.24
1200,-0.28
1200,-0.33
1200,-0.37
1200,-0.42
1200,-0.47
1210,-0.51
1210,-0.55
1210,-0.59
1210,-0.64
1210,-0.67
1220,-0.7
1220,-0.74
1220,-0.78
1220,-0.81
1220,-0.85
1230,-0.88
1230,-0.9
1230,-0.93
1230,-0.96
1230,-0.99
1240,-1.01
1240,-1.03
1240,-1.05
1240,-1.07
1240,-1.09
1250,-1.1
1250,-1.12
1250,-1.13
1250,-1.14
1250,-1.15
1260,-1.16
1260,-1.16
1260,-1.17
1260,-1.17
1260,-1.17
1270,-1.18
1270,-1.17
1270,-1.17
1270,-1.17
1270,-1.17
1280,-1.16
1280,-1.15
1280,-1.14
1280,-1.13
1280,-1.11
1290,-1.1
1290,-1.08
1290,-1.07
1290,-1.05
1290,-1.03
1300,-1.01
1300,-0.99
1300,-0.96
1300,-0.94
1300,-0.92
1310,-0.89
1310,-0.86
1310,-0.83
1310,-0.8
1310,-0.77
1320,-0.74
1320,-0.7
1320,-0.67
1320,-0.65
1320,-0.61
1330,-0.57
1330,-0.54
1330,-0.5
1330,-0.46
1330,-0.42
1340,-0.38
1340,-0.34
1340,-0.3
1340,-0.27
1340,-0.22
1350,-0.19
1350,-0.15
1350,-0.11
1350,-0.07
1350,-0.02
1360,0.02
1360,0.06
1360,0.1
1360,0.14
1360,0.18
1370,0.21
1370,0.25
1370,0.29
1370,0.33
1370,0.37
1380,0.41
1380,0.44
1380,0.48
1380,0.52
1380,0.56
1390,0.59
1390,0.63
1390,0.66
1390,0.7
1390,0.73
1400,0.76
1400,0.79
1400,0.82
1400,0.85
1400,0.88
1410,0.9
1410,0.93
1410,0.96
1410,0.98
1410,1
1420,1.02
1420,1.05
1420,1.07
1420,1.09
1420,1.11
1430,1.12
1430,1.14
1430,1.15
1430,1.17
1430,1.18
1440,1.19
1440,1.2
1440,1.21
1440,1.22
1440,1.23
1450,1.23
1450,1.24
1450,1.24
1450,1.24
1450,1.24
1460,1.24
1460,1.24
1460,1.24
1460,1.24
1460,1.23
1470,1.23
1470,1.22
1470,1.21
1470,1.21
1470,1.2
1480,1.19
1480,1.18
1480,1.16
1480,1.16
1480,1.14
1490,1.12
1490,1.1
1490,1.09
1490,1.07
1490,1.05
1500,1.03
1500,1.01
1500,0.99
1500,0.97
1500,0.95
1510,0.92
1510,0.9
1510,0.88
1510,0.85
1510,0.83
1520,0.8
1520,0.77
1520,0.75
1520,0.72
1520,0.69
1530,0.67
1530,0.64
1530,0.61
1530,0.58
1530,0.55
1540,0.52
1540,0.49
1540,0.46
1540,0.43
1540,0.4
1550,0.38
1550,0.34
1550,0.32
1550,0.28
1550,0.25
1560,0.22
1560,0.2
1560,0.17
1560,0.14
1560,0.11
1570,0.09
1570,0.06
1570,0.03
1570,0.01
1570,-0.02
1580,-0.04
1580,-0.07
1580,-0.09
1580,-0.12
1580,-0.14
1590,-0.16
1590,-0.19
1590,-0.21
1590,-0.23
1590,-0.25
1600,-0.27
1600,-0.28
1600,-0.3
1600,-0.32
1600,-0.34
1610,-0.36
1610,-0.37
1610,-0.39
1610,-0.41
1610,-0.42
1620,-0.44
1620,-0.45
1620,-0.46
1620,-0.47
1620,-0.48
1630,-0.49
1630,-0.5
1630,-0.5
1630,-0.51
1630,-0.52
1640,-0.53
1640,-0.53
1640,-0.53
1640,-0.53
1640,-0.54
1650,-0.54
1650,-0.54
1650,-0.54
1650,-0.54
1650,-0.53
1660,-0.53
1660,-0.53
1660,-0.52
1660,-0.52
1660,-0.5
1670,-0.51
1670,-0.5
1670,-0.48
1670,-0.47
1670,-0.46
1680,-0.45
1680,-0.44
1680,-0.43
1680,-0.42
1680,-0.4
1690,-0.39
1690,-0.38
1690,-0.37
1690,-0.35
1690,-0.33
1700,-0.31
1700,-0.29
1700,-0.27
1700,-0.26
1700,-0.24
1710,-0.23
1710,-0.21
1710,-0.19
1710,-0.17
1710,-0.15
1720,-0.13
1720,-0.11
1720,-0.09
1720,-0.07
1720,-0.05
1730,-0.03
1730,-0.01
1730,0.01
1730,0.03
1730,0.06
1740,0.08
1740,0.09
1740,0.12
1740,0.14
1740,0.16
1750,0.18
1750,0.2
1750,0.22
1750,0.24
1750,0.26
1760,0.28
1760,0.31
1760,0.32
1760,0.34
1760,0.37
1770,0.39
1770,0.4
1770,0.42
1770,0.45
1770,0.46
1780,0.47
1780,0.49
1780,0.5
1780,0.53
1780,0.54
1790,0.55
1790,0.57
1790,0.58
1790,0.59
1790,0.61
1800,0.62
1800,0.63
1800,0.64
1800,0.66
1800,0.67
1810,0.68
1810,0.68
1810,0.7
1810,0.7
1810,0.71
1820,0.72
1820,0.72
1820,0.73
1820,0.74
1820,0.75
1830,0.74
1830,0.75
1830,0.75
1830,0.75
1830,0.75
1840,0.75
1840,0.76
1840,0.75
1840,0.75
1840,0.75
1850,0.75
1850,0.74
1850,0.74
1850,0.74
1850,0.73
1860,0.73
1860,0.73
1860,0.72
1860,0.71
1860,0.71
1870,0.7
1870,0.69
1870,0.68
1870,0.67
1870,0.66
1880,0.65
1880,0.64
1880,0.63
1880,0.62
1880,0.61
1890,0.6
1890,0.59
1890,0.58
1890,0.56
1890,0.55
1900,0.54
1900,0.52
1900,0.51
1900,0.5
1900,0.48
1910,0.47
1910,0.45
1910,0.44
1910,0.42
1910,0.41
1920,0.39
1920,0.38
1920,0.36
1920,0.35
1920,0.34
1930,0.32
1930,0.3
1930,0.28
1930,0.27
1930,0.26
1940,0.24
1940,0.22
1940,0.2
1940,0.19
1940,0.18
1950,0.16
1950,0.15
1950,0.13
1950,0.12
1950,0.1
1960,0.08
1960,0.07
1960,0.06
1960,0.05
1960,0.03
1970,0.02
1970,0.01
1970,-0.01
1970,-0.02
1970,-0.03
1980,-0.04
1980,-0.05
1980,-0.06
1980,-0.07
1980,-0.08
1990,-0.1
1990,-0.1
1990,-0.11
1990,-0.12
1990,-0.13
2000,-0.14
2000,-0.15
2000,-0.15
2000,-0.16
2000,-0.16
2010,-0.17
2010,-0.18
2010,-0.18
2010,-0.19
2010,-0.19
2020,-0.2
2020,-0.2
2020,-0.2
2020,-0.2
2020,-0.21
2030,-0.21
2030,-0.21
2030,-0.21
2030,-0.21
2030,-0.22
2040,-0.21
2040,-0.21
2040,-0.21
2040,-0.21
2040,-0.21
2050,-0.21
2050,-0.21
2050,-0.2
2050,-0.2
2050,-0.19
2060,-0.19
2060,-0.19
2060,-0.18
2060,-0.18
2060,-0.17
2070,-0.17
2070,-0.16
2070,-0.15
2070,-0.15
2070,-0.14
2080,-0.13
2080,-0.12
2080,-0.11
2080,-0.11
2080,-0.1
2090,-0.09
2090,-0.08
2090,-0.07
2090,-0.06
2090,-0.06
2100,-0.05
2100,-0.04
2100,-0.03
2100,-0.02
2100,-0.01
2110,0
2110,0.01
2110,0.02
2110,0.03
2110,0.04
2120,0.05
2120,0.06
2120,0.08
2120,0.09
2120,0.1
2130,0.11
2130,0.12
2130,0.14
2130,0.14
2130,0.16
2140,0.17
2140,0.18
2140,0.19
2140,0.2
2140,0.21
2150,0.22
2150,0.23
2150,0.24
2150,0.25
2150,0.26
2160,0.27
2160,0.28
2160,0.28
2160,0.3
2160,0.31
2170,0.32
2170,0.33
2170,0.33
2170,0.34
2170,0.35
2180,0.36
2180,0.37
2180,0.37
2180,0.38
2180,0.38
2190,0.39
2190,0.4
2190,0.4
2190,0.41
2190,0.41
2200,0.41
2200,0.42
2200,0.43
2200,0.43
2200,0.43
2210,0.43
2210,0.43
2210,0.44
2210,0.44
2210,0.45
2220,0.45
2220,0.45
2220,0.45
2220,0.45
2220,0.45
2230,0.45
2230,0.44
2230,0.45
2230,0.44
2230,0.44
2240,0.44
2240,0.44
2240,0.44
2240,0.43
2240,0.44
2250,0.43
2250,0.43
2250,0.43
2250,0.43
2250,0.42
2260,0.42
2260,0.41
2260,0.41
2260,0.4
2260,0.39
2270,0.39
2270,0.38
2270,0.38
2270,0.37
2270,0.37
2280,0.36
2280,0.35
2280,0.35
2280,0.34
2280,0.33
2290,0.33
2290,0.31
2290,0.31
2290,0.3
2290,0.29
2300,0.29
2300,0.28
2300,0.27
2300,0.26
2300,0.25
2310,0.25
2310,0.24
2310,0.23
2310,0.22
2310,0.21
2320,0.2
2320,0.2
2320,0.19
2320,0.18
2320,0.17
2330,0.16
2330,0.15
2330,0.14
2330,0.14
2330,0.12
2340,0.12
2340,0.11
2340,0.11
2340,0.09
2340,0.09
2350,0.08
2350,0.07
2350,0.06
2350,0.06
2350,0.05
2360,0.04
2360,0.04
2360,0.02
2360,0.02
2360,0.01
2370,0.01
2370,0
2370,0
2370,-0.01
2370,-0.01
2380,-0.01
2380,-0.02
2380,-0.03
2380,-0.03
2380,-0.04
2390,-0.05
2390,-0.06
2390,-0.07
2390,-0.06
2390,-0.07
2400,-0.11
2400,-0.15
2400,-0.18
2400,-0.21
2400,-0.24
2410,-0.27
2410,-0.31
2410,-0.36
2410,-0.4
2410,-0.45
2420,-0.5
2420,-0.56
2420,-0.61
2420,-0.67
2420,-0.73
2430,-0.8
2430,-0.87
2430,-0.93
2430,-1.02
2430,-1.09
2440,-1.17
2440,-1.25
2440,-1.34
2440,-1.43
2440,-1.52
2450,-1.61
2450,-1.71
2450,-1.8
2450,-1.89
2450,-1.99
2460,-2.09
2460,-2.19
2460,-2.29
2460,-2.39
2460,-2.49
2470,-2.6
2470,-2.71
2470,-2.81
2470,-2.92
2470,-3.02
2480,-3.12
2480,-3.23
2480,-3.34
2480,-3.44
2480,-3.55
2490,-3.65
2490,-3.76
2490,-3.87
2490,-3.97
2490,-4.06
2500,-4.17
2500,-4.27
2500,-4.37
2500,-4.47
2500,-4.56
2510,-4.66
2510,-4.75
2510,-4.85
2510,-4.94
2510,-5.03
2520,-5.12
2520,-5.2
2520,-5.29
2520,-5.37
2520,-5.44
2530,-5.51
2530,-5.6
2530,-5.67
2530,-5.74
2530,-5.8
2540,-5.87
2540,-5.93
2540,-5.99
2540,-6.05
2540,-6.11
2550,-6.15
2550,-6.2
2550,-6.25
2550,-6.29
2550,-6.33
2560,-6.37
2560,-6.4
2560,-6.43
2560,-6.46
2560,-6.48
2570,-6.51
2570,-6.52
2570,-6.54
2570,-6.55
2570,-6.56
2580,-6.56
2580,-6.56
2580,-6.57
2580,-6.57
2580,-6.56
2590,-6.55
2590,-6.53
2590,-6.52
2590,-6.5
2590,-6.48
2600,-6.46
2600,-6.43
2600,-6.41
2600,-6.37
2600,-6.34
2610,-6.31
2610,-6.27
2610,-6.23
2610,-6.19
2610,-6.14
2620,-6.1
2620,-6.04
2620,-5.99
2620,-5.94
2620,-5.88
2630,-5.82
2630,-5.77
2630,-5.71
2630,-5.65
2630,-5.58
2640,-5.51
2640,-5.45
2640,-5.38
2640,-5.32
2640,-5.25
2650,-5.17
2650,-5.1
2650,-5.03
2650,-4.95
2650,-4.88
2660,-4.81
2660,-4.73
2660,-4.65
2660,-4.57
2660,-4.5
2670,-4.43
2670,-4.35
2670,-4.27
2670,-4.19
2670,-4.12
2680,-4.04
2680,-3.96
2680,-3.89
2680,-3.81
2680,-3.74
2690,-3.66
2690,-3.59
2690,-3.52
2690,-3.44
2690,-3.37
2700,-3.3
2700,-3.23
2700,-3.17
2700,-3.1
2700,-3.03
2710,-2.97
2710,-2.91
2710,-2.85
2710,-2.79
2710,-2.73
2720,-2.68
2720,-2.62
2720,-2.57
2720,-2.52
2720,-2.47
2730,-2.42
2730,-2.37
2730,-2.33
2730,-2.29
2730,-2.24
2740,-2.2
2740,-2.17
2740,-2.13
2740,-2.1
2740,-2.07
2750,-2.04
2750,-2.02
2750,-1.99
2750,-1.97
2750,-1.95
2760,-1.94
2760,-1.92
2760,-1.9
2760,-1.89
2760,-1.88
2770,-1.87
2770,-1.87
2770,-1.87
2770,-1.87
2770,-1.87
2780,-1.88
2780,-1.88
2780,-1.89
2780,-1.9
2780,-1.91
2790,-1.92
2790,-1.94
2790,-1.96
2790,-1.98
2790,-2
2800,-2.02
2800,-2.05
2800,-2.08
2800,-2.1
2800,-2.13
2810,-2.16
2810,-2.2
2810,-2.23
2810,-2.27
2810,-2.31
2820,-2.35
2820,-2.39
2820,-2.43
2820,-2.48
2820,-2.52
2830,-2.56
2830,-2.61
2830,-2.66
2830,-2.71
2830,-2.77
2840,-2.81
2840,-2.87
2840,-2.92
2840,-2.97
2840,-3.03
2850,-3.08
2850,-3.13
2850,-3.18
2850,-3.24
2850,-3.29
2860,-3.35
2860,-3.41
2860,-3.46
2860,-3.52
2860,-3.57
2870,-3.63
2870,-3.68
2870,-3.74
2870,-3.79
2870,-3.85
2880,-3.91
2880,-3.96
2880,-4.01
2880,-4.06
2880,-4.11
2890,-4.17
2890,-4.22
2890,-4.27
2890,-4.32
2890,-4.36
2900,-4.41
2900,-4.46
2900,-4.51
2900,-4.55
2900,-4.59
2910,-4.64
2910,-4.68
2910,-4.71
2910,-4.75
2910,-4.79
2920,-4.83
2920,-4.86
2920,-4.9
2920,-4.94
2920,-4.95
2930,-4.99
2930,-5.01
2930,-5.04
2930,-5.07
2930,-5.09
2940,-5.11
2940,-5.14
2940,-5.15
2940,-5.16
2940,-5.18
2950,-5.2
2950,-5.21
2950,-5.21
2950,-5.23
2950,-5.23
2960,-5.24
2960,-5.25
2960,-5.25
2960,-5.25
2960,-5.25
2970,-5.25
2970,-5.25
2970,-5.24
2970,-5.24
2970,-5.23
2980,-5.22
2980,-5.21
2980,-5.2
2980,-5.18
2980,-5.17
2990,-5.15
2990,-5.13
2990,-5.11
2990,-5.09
2990,-5.07
3000,-5.05
3000,-5.02
3000,-5
3000,-4.98
3000,-4.95
3010,-4.92
3010,-4.88
3010,-4.86
3010,-4.83
3010,-4.8
3020,-4.76
3020,-4.73
3020,-4.69
3020,-4.66
3020,-4.62
3030,-4.59
3030,-4.55
3030,-4.51
3030,-4.47
3030,-4.43
3040,-4.4
3040,-4.36
3040,-4.31
3040,-4.28
3040,-4.24
3050,-4.2
3050,-4.16
3050,-4.12
3050,-4.08
3050,-4.04
3060,-4.01
3060,-3.97
3060,-3.92
3060,-3.88
3060,-3.84
3070,-3.8
3070,-3.77
3070,-3.73
3070,-3.69
3070,-3.66
3080,-3.62
3080,-3.58
3080,-3.55
3080,-3.51
3080,-3.47
3090,-3.44
3090,-3.41
3090,-3.37
3090,-3.34
3090,-3.31
3100,-3.28
3100,-3.26
3100,-3.23
3100,-3.2
3100,-3.17
3110,-3.14
3110,-3.11
3110,-3.09
3110,-3.06
3110,-3.04
3120,-3.02
3120,-3
3120,-2.98
3120,-2.96
3120,-2.94
3130,-2.93
3130,-2.91
3130,-2.89
3130,-2.88
3130,-2.87
3140,-2.86
3140,-2.85
3140,-2.84
3140,-2.83
3140,-2.82
3150,-2.82
3150,-2.82
3150,-2.81
3150,-2.81
3150,-2.81
3160,-2.81
3160,-2.81
3160,-2.81
3160,-2.81
3160,-2.82
3170,-2.83
3170,-2.83
3170,-2.85
3170,-2.85
3170,-2.86
3180,-2.87
3180,-2.88
3180,-2.89
3180,-2.91
3180,-2.92
3190,-2.94
3190,-2.95
3190,-2.97
3190,-2.99
3190,-3
3200,-3.02
3200,-3.04
3200,-3.06
3200,-3.08
3200,-3.11
3210,-3.12
3210,-3.15
3210,-3.17
3210,-3.2
3210,-3.23
3220,-3.25
3220,-3.28
3220,-3.3
3220,-3.33
3220,-3.36
3230,-3.39
3230,-3.42
3230,-3.44
3230,-3.46
3230,-3.49
3240,-3.53
3240,-3.55
3240,-3.58
3240,-3.6
3240,-3.64
3250,-3.67
3250,-3.7
3250,-3.73
3250,-3.76
3250,-3.79
3260,-3.81
3260,-3.84
3260,-3.87
3260,-3.9
3260,-3.93
3270,-3.95
3270,-3.98
3270,-4.01
3270,-4.04
3270,-4.07
3280,-4.09
3280,-4.11
3280,-4.14
3280,-4.17
3280,-4.19
3290,-4.22
3290,-4.23
3290,-4.25
3290,-4.28
3290,-4.3
3300,-4.32
3300,-4.34
3300,-4.36
3300,-4.38
3300,-4.4
3310,-4.42
3310,-4.43
3310,-4.45
3310,-4.46
3310,-4.48
3320,-4.49
3320,-4.5
3320,-4.51
3320,-4.52
3320,-4.53
3330,-4.54
3330,-4.55
3330,-4.56
3330,-4.56
3330,-4.57
3340,-4.57
3340,-4.57
3340,-4.58
3340,-4.58
3340,-4.58
3350,-4.58
3350,-4.58
3350,-4.58
3350,-4.58
3350,-4.58
3360,-4.58
3360,-4.57
3360,-4.57
3360,-4.56
3360,-4.56
3370,-4.55
3370,-4.55
3370,-4.53
3370,-4.52
3370,-4.51
3380,-4.5
3380,-4.49
3380,-4.48
3380,-4.47
3380,-4.45
3390,-4.43
3390,-4.43
3390,-4.41
3390,-4.4
3390,-4.38
3400,-4.37
3400,-4.35
3400,-4.33
3400,-4.32
3400,-4.3
3410,-4.27
3410,-4.25
3410,-4.24
3410,-4.21
3410,-4.2
3420,-4.18
3420,-4.16
3420,-4.14
3420,-4.12
3420,-4.1
3430,-4.08
3430,-4.05
3430,-4.03
3430,-4.01
3430,-3.99
3440,-3.97
3440,-3.94
3440,-3.93
3440,-3.91
3440,-3.88
3450,-3.86
3450,-3.84
3450,-3.82
3450,-3.81
3450,-3.79
3460,-3.77
3460,-3.75
3460,-3.73
3460,-3.7
3460,-3.69
3470,-3.67
3470,-3.65
3470,-3.63
3470,-3.62
3470,-3.6
3480,-3.58
3480,-3.57
3480,-3.55
3480,-3.53
3480,-3.52
3490,-3.5
3490,-3.48
3490,-3.47
3490,-3.45
3490,-3.44
3500,-3.43
3500,-3.42
3500,-3.4
3500,-3.39
3500,-3.38
3510,-3.37
3510,-3.37
3510,-3.36
3510,-3.35
3510,-3.34
3520,-3.33
3520,-3.33
3520,-3.32
3520,-3.32
3520,-3.31
3530,-3.31
3530,-3.3
3530,-3.3
3530,-3.3
3530,-3.3
3540,-3.3
3540,-3.3
3540,-3.3
3540,-3.3
3540,-3.3
3550,-3.3
3550,-3.3
3550,-3.3
3550,-3.31
3550,-3.31
3560,-3.32
3560,-3.32
3560,-3.32
3560,-3.33
3560,-3.33
3570,-3.34
3570,-3.36
3570,-3.36
3570,-3.37
3570,-3.38
3580,-3.39
3580,-3.4
3580,-3.41
3580,-3.41
3580,-3.43
3590,-3.44
3590,-3.45
3590,-3.46
3590,-3.47
3590,-3.49
3600,-3.5
3600,-3.51
3600,-3.52
3600,-3.54
3600,-3.55
3610,-3.57
3610,-3.59
3610,-3.6
3610,-3.62
3610,-3.63
3620,-3.64
3620,-3.66
3620,-3.68
3620,-3.7
3620,-3.71
3630,-3.73
3630,-3.75
3630,-3.76
3630,-3.77
3630,-3.79
3640,-3.81
3640,-3.82
3640,-3.84
3640,-3.85
3640,-3.87
3650,-3.88
3650,-3.9
3650,-3.91
3650,-3.92
3650,-3.94
3660,-3.95
3660,-3.97
3660,-3.98
3660,-4
3660,-4.01
3670,-4.02
3670,-4.04
3670,-4.05
3670,-4.06
3670,-4.07
3680,-4.09
3680,-4.1
3680,-4.1
3680,-4.12
3680,-4.13
3690,-4.14
3690,-4.15
3690,-4.15
3690,-4.17
3690,-4.17
3700,-4.19
3700,-4.19
3700,-4.2
3700,-4.21
3700,-4.21
3710,-4.22
3710,-4.22
3710,-4.23
3710,-4.23
3710,-4.23
3720,-4.24
3720,-4.24
3720,-4.24
3720,-4.24
3720,-4.25
3730,-4.25
3730,-4.25
3730,-4.25
3730,-4.25
3730,-4.25
3740,-4.24
3740,-4.25
3740,-4.25
3740,-4.24
3740,-4.24
3750,-4.24
3750,-4.23
3750,-4.23
3750,-4.22
3750,-4.22
3760,-4.22
3760,-4.21
3760,-4.21
3760,-4.2
3760,-4.2
3770,-4.19
3770,-4.19
3770,-4.18
3770,-4.17
3770,-4.17
3780,-4.16
3780,-4.16
3780,-4.15
3780,-4.14
3780,-4.13
3790,-4.12
3790,-4.11
3790,-4.1
3790,-4.09
3790,-4.08
3800,-4.07
3800,-4.06
3800,-4.05
3800,-4.04
3800,-4.03
3810,-4.02
3810,-4.01
3810,-4
3810,-3.99
3810,-3.98
3820,-3.97
3820,-3.96
3820,-3.94
3820,-3.94
3820,-3.93
3830,-3.91
3830,-3.91
3830,-3.89
3830,-3.89
3830,-3.88
3840,-3.87
3840,-3.86
3840,-3.84
3840,-3.84
3840,-3.83
3850,-3.82
3850,-3.81
3850,-3.8
3850,-3.79
3850,-3.78
3860,-3.77
3860,-3.76
3860,-3.75
3860,-3.75
3860,-3.73
3870,-3.72
3870,-3.72
3870,-3.7
3870,-3.7
3870,-3.69
3880,-3.68
3880,-3.68
3880,-3.67
3880,-3.67
3880,-3.65
3890,-3.65
3890,-3.64
3890,-3.64
3890,-3.64
3890,-3.63
3900,-3.62
3900,-3.62
3900,-3.62
3900,-3.62
3900,-3.62
3910,-3.61
3910,-3.6
3910,-3.6
3910,-3.6
3910,-3.6
3920,-3.6
3920,-3.6
3920,-3.6
3920,-3.59
3920,-3.59
3930,-3.6
3930,-3.6
3930,-3.6
3930,-3.59
3930,-3.59
3940,-3.59
3940,-3.6
3940,-3.6
3940,-3.6
3940,-3.6
3950,-3.6
3950,-3.6
3950,-3.6
3950,-3.61
3950,-3.61
3960,-3.61
3960,-3.62
3960,-3.62
3960,-3.63
3960,-3.63
3970,-3.63
3970,-3.64
3970,-3.64
3970,-3.65
3970,-3.65
3980,-3.66
3980,-3.67
3980,-3.67
3980,-3.68
3980,-3.68
3990,-3.68
3990,-3.7
3990,-3.7
3990,-3.7
3990,-3.71
4000,-3.72
4000,-3.73
4000,-3.73
4000,-3.73
4000,-3.74
4010,-3.75
4010,-3.76
4010,-3.76
4010,-3.77
4010,-3.78
4020,-3.78
4020,-3.79
4020,-3.8
4020,-3.8
4020,-3.81
4030,-3.82
4030,-3.82
4030,-3.83
4030,-3.84
4030,-3.84
4040,-3.85
4040,-3.86
4040,-3.86
4040,-3.87
4040,-3.87
4050,-3.88
4050,-3.88
4050,-3.89
4050,-3.89
4050,-3.9
4060,-3.91
4060,-3.91
4060,-3.92
4060,-3.93
4060,-3.93
4070,-3.93
4070,-3.93
4070,-3.94
4070,-3.94
4070,-3.95
4080,-3.96
4080,-3.96
4080,-3.97
4080,-3.97
4080,-3.97
4090,-3.98
4090,-3.98
4090,-3.99
4090,-3.99
4090,-3.99
4100,-3.99
4100,-4
4100,-4
4100,-4
4100,-4
4110,-4.01
4110,-4.01
4110,-4.01
4110,-4.01
4110,-4.01
4120,-4.01
4120,-4.02
4120,-4.01
4120,-4.01
4120,-4.01
4130,-4.01
4130,-4.01
4130,-4.01
4130,-4.01
4130,-4.01
4140,-4.01
4140,-4.01
4140,-4.01
4140,-4
4140,-4
4150,-4
4150,-4
4150,-4
4150,-4
4150,-3.99
4160,-3.99
4160,-3.99
4160,-3.99
4160,-3.98
4160,-3.98
4170,-3.97
4170,-3.98
4170,-3.97
4170,-3.96
4170,-3.96
4180,-3.96
4180,-3.95
4180,-3.95
4180,-3.95
4180,-3.95
4190,-3.94
4190,-3.94
4190,-3.93
4190,-3.92
4190,-3.92
4200,-3.92
4200,-3.91
4200,-3.9
4200,-3.9
4200,-3.89
4210,-3.88
4210,-3.85
4210,-3.83
4210,-3.82
4210,-3.76
4220,-3.71
4220,-3.72
4220,-3.69
4220,-3.67
4220,-3.64
4230,-3.61
4230,-3.58
4230,-3.53
4230,-3.49
4230,-3.44
4240,-3.39
4240,-3.34
4240,-3.28
4240,-3.22
4240,-3.15
4250,-3.08
4250,-3.01
4250,-2.93
4250,-2.86
4250,-2.79
4260,-2.71
4260,-2.62
4260,-2.54
4260,-2.44
4260,-2.36
4270,-2.27
4270,-2.17
4270,-2.08
4270,-1.98
4270,-1.88
4280,-1.78
4280,-1.68
4280,-1.58
4280,-1.47
4280,-1.37
4290,-1.27
4290,-1.16
4290,-1.06
4290,-0.95
4290,-0.84
4300,-0.73
4300,-0.63
4300,-0.52
4300,-0.41
4300,-0.31
4310,-0.2
4310,-0.09
4310,0.01
4310,0.11
4310,0.22
4320,0.32
4320,0.42
4320,0.52
4320,0.62
4320,0.72
4330,0.82
4330,0.91
4330,1
4330,1.1
4330,1.19
4340,1.27
4340,1.36
4340,1.45
4340,1.52
4340,1.61
4350,1.68
4350,1.76
4350,1.83
4350,1.91
4350,1.98
4360,2.05
4360,2.11
4360,2.16
4360,2.22
4360,2.28
4370,2.32
4370,2.37
4370,2.42
4370,2.46
4370,2.5
4380,2.54
4380,2.58
4380,2.61
4380,2.63
4380,2.66
4390,2.69
4390,2.7
4390,2.72
4390,2.73
4390,2.74
4400,2.75
4400,2.75
4400,2.75
4400,2.75
4400,2.74
4410,2.73
4410,2.73
4410,2.71
4410,2.69
4410,2.68
4420,2.65
4420,2.63
4420,2.6
4420,2.57
4420,2.54
4430,2.51
4430,2.47
4430,2.43
4430,2.39
4430,2.34
4440,2.3
4440,2.24
4440,2.19
4440,2.14
4440,2.08
4450,2.03
4450,1.96
4450,1.9
4450,1.85
4450,1.79
4460,1.72
4460,1.66
4460,1.59
4460,1.52
4460,1.45
4470,1.37
4470,1.3
4470,1.23
4470,1.16
4470,1.08
4480,1.01
4480,0.93
4480,0.85
4480,0.78
4480,0.7
4490,0.62
4490,0.55
4490,0.46
4490,0.39
4490,0.31
4500,0.24
4500,0.15
4500,0.08
4500,0
4500,-0.08
4510,-0.15
4510,-0.23
4510,-0.3
4510,-0.38
4510,-0.45
4520,-0.52
4520,-0.6
4520,-0.66
4520,-0.73
4520,-0.8
4530,-0.86
4530,-0.93
4530,-1
4530,-1.05
4530,-1.11
4540,-1.17
4540,-1.22
4540,-1.28
4540,-1.34
4540,-1.39
4550,-1.44
4550,-1.49
4550,-1.53
4550,-1.58
4550,-1.61
4560,-1.65
4560,-1.69
4560,-1.73
4560,-1.76
4560,-1.79
4570,-1.82
4570,-1.84
4570,-1.87
4570,-1.9
4570,-1.92
4580,-1.93
4580,-1.95
4580,-1.97
4580,-1.98
4580,-1.98
4590,-1.99
4590,-2
4590,-2
4590,-2
4590,-2
4600,-1.99
4600,-1.99
4600,-1.98
4600,-1.97
4600,-1.95
4610,-1.94
4610,-1.92
4610,-1.91
4610,-1.89
4610,-1.86
4620,-1.84
4620,-1.82
4620,-1.79
4620,-1.76
4620,-1.73
4630,-1.69
4630,-1.66
4630,-1.62
4630,-1.59
4630,-1.55
4640,-1.5
4640,-1.47
4640,-1.42
4640,-1.38
4640,-1.33
4650,-1.28
4650,-1.23
4650,-1.19
4650,-1.14
4650,-1.09
4660,-1.04
4660,-0.98
4660,-0.93
4660,-0.88
4660,-0.82
4670,-0.77
4670,-0.71
4670,-0.66
4670,-0.6
4670,-0.54
4680,-0.49
4680,-0.43
4680,-0.38
4680,-0.32
4680,-0.26
4690,-0.2
4690,-0.15
4690,-0.09
4690,-0.04
4690,0.02
4700,0.07
4700,0.12
4700,0.18
4700,0.23
4700,0.29
4710,0.34
4710,0.39
4710,0.43
4710,0.49
4710,0.54
4720,0.59
4720,0.63
4720,0.68
4720,0.72
4720,0.77
4730,0.81
4730,0.85
4730,0.89
4730,0.93
4730,0.97
4740,1
4740,1.04
4740,1.07
4740,1.1
4740,1.13
4750,1.17
4750,1.19
4750,1.21
4750,1.25
4750,1.27
4760,1.29
4760,1.31
4760,1.33
4760,1.34
4760,1.36
4770,1.38
4770,1.39
4770,1.4
4770,1.42
4770,1.42
4780,1.43
4780,1.43
4780,1.43
4780,1.43
4780,1.43
4790,1.43
4790,1.43
4790,1.43
4790,1.42
4790,1.41
4800,1.4
4800,1.38
4800,1.37
4800,1.36
4800,1.34
4810,1.32
4810,1.3
4810,1.28
4810,1.26
4810,1.24
4820,1.22
4820,1.2
4820,1.17
4820,1.15
4820,1.11
4830,1.09
4830,1.06
4830,1.02
4830,0.99
4830,0.96
4840,0.93
4840,0.89
4840,0.86
4840,0.83
4840,0.79
4850,0.76
4850,0.72
4850,0.68
4850,0.64
4850,0.6
4860,0.56
4860,0.52
4860,0.48
4860,0.44
4860,0.4
4870,0.36
4870,0.31
4870,0.28
4870,0.23
4870,0.19
4880,0.14
4880,0.1
4880,0.07
4880,0.02
4880,-0.02
4890,-0.06
4890,-0.1
4890,-0.14
4890,-0.18
4890,-0.22
4900,-0.26
4900,-0.3
4900,-0.34
4900,-0.38
4900,-0.42
4910,-0.46
4910,-0.49
4910,-0.53
4910,-0.57
4910,-0.6
4920,-0.63
4920,-0.66
4920,-0.69
4920,-0.72
4920,-0.75
4930,-0.77
4930,-0.8
4930,-0.83
4930,-0.86
4930,-0.88
4940,-0.9
4940,-0.92
4940,-0.95
4940,-0.97
4940,-0.99
4950,-1
4950,-1.02
4950,-1.03
4950,-1.05
4950,-1.06
4960,-1.07
4960,-1.08
4960,-1.09
4960,-1.09
4960,-1.1
4970,-1.11
4970,-1.12
4970,-1.12
4970,-1.12
4970,-1.12
4980,-1.12
4980,-1.12
4980,-1.12
4980,-1.12
4980,-1.12
4990,-1.11
4990,-1.1
4990,-1.1
4990,-1.09
4990,-1.08
5000,-1.07
5000,-1.06
5000,-1.05
5000,-1.03
5000,-1.02
5010,-1
5010,-0.99
5010,-0.97
5010,-0.95
5010,-0.93
5020,-0.91
5020,-0.89
5020,-0.87
5020,-0.84
5020,-0.82
5030,-0.8
5030,-0.77
5030,-0.75
5030,-0.72
5030,-0.69
5040,-0.66
5040,-0.64
5040,-0.61
5040,-0.58
5040,-0.55
5050,-0.52
5050,-0.49
5050,-0.47
5050,-0.43
5050,-0.39
5060,-0.37
5060,-0.33
5060,-0.3
5060,-0.27
5060,-0.24
5070,-0.21
5070,-0.17
5070,-0.14
5070,-0.11
5070,-0.08
5080,-0.05
5080,-0.01
5080,0.02
5080,0.05
5080,0.08
5090,0.11
5090,0.14
5090,0.17
5090,0.2
5090,0.23
5100,0.26
5100,0.29
5100,0.32
5100,0.34
5100,0.37
5110,0.39
5110,0.42
5110,0.44
5110,0.47
5110,0.49
5120,0.51
5120,0.53
5120,0.55
5120,0.57
5120,0.6
5130,0.61
5130,0.63
5130,0.65
5130,0.67
5130,0.68
5140,0.7
5140,0.71
5140,0.72
5140,0.73
5140,0.74
5150,0.76
5150,0.77
5150,0.78
5150,0.78
5150,0.79
5160,0.79
5160,0.8
5160,0.8
5160,0.81
5160,0.81
5170,0.81
5170,0.81
5170,0.81
5170,0.81
5170,0.8
5180,0.8
5180,0.79
5180,0.79
5180,0.79
5180,0.78
5190,0.77
5190,0.76
5190,0.75
5190,0.74
5190,0.73
5200,0.72
5200,0.71
5200,0.69
5200,0.68
5200,0.66
5210,0.65
5210,0.63
5210,0.62
5210,0.6
5210,0.58
5220,0.56
5220,0.54
5220,0.52
5220,0.5
5220,0.48
5230,0.46
5230,0.43
5230,0.42
5230,0.39
5230,0.37
5240,0.34
5240,0.32
5240,0.3
5240,0.27
5240,0.25
5250,0.23
5250,0.2
5250,0.18
5250,0.16
5250,0.13
5260,0.1
5260,0.08
5260,0.06
5260,0.03
5260,0.02
5270,-0.01
5270,-0.04
5270,-0.06
5270,-0.08
5270,-0.11
5280,-0.13
5280,-0.15
5280,-0.17
5280,-0.19
5280,-0.22
5290,-0.24
5290,-0.26
5290,-0.28
5290,-0.3
5290,-0.32
5300,-0.35
5300,-0.36
5300,-0.38
5300,-0.4
5300,-0.42
5310,-0.44
5310,-0.45
5310,-0.47
5310,-0.49
5310,-0.5
5320,-0.51
5320,-0.53
5320,-0.54
5320,-0.55
5320,-0.56
5330,-0.57
5330,-0.58
5330,-0.59
5330,-0.61
5330,-0.61
5340,-0.62
5340,-0.63
5340,-0.64
5340,-0.64
5340,-0.65
5350,-0.65
5350,-0.65
5350,-0.66
5350,-0.66
5350,-0.67
5360,-0.66
5360,-0.66
5360,-0.66
5360,-0.66
5360,-0.65
5370,-0.65
5370,-0.65
5370,-0.65
5370,-0.64
5370,-0.64
5380,-0.63
5380,-0.63
5380,-0.62
5380,-0.62
5380,-0.6
5390,-0.6
5390,-0.59
5390,-0.58
5390,-0.57
5390,-0.56
5400,-0.55
5400,-0.54
5400,-0.53
5400,-0.51
5400,-0.5
5410,-0.48
5410,-0.48
5410,-0.46
5410,-0.44
5410,-0.43
5420,-0.41
5420,-0.39
5420,-0.38
5420,-0.37
5420,-0.35
5430,-0.33
5430,-0.31
5430,-0.3
5430,-0.28
5430,-0.26
5440,-0.25
5440,-0.23
5440,-0.21
5440,-0.19
5440,-0.17
5450,-0.16
5450,-0.14
5450,-0.12
5450,-0.11
5450,-0.09
5460,-0.07
5460,-0.05
5460,-0.04
5460,-0.02
5460,0
5470,0.01
5470,0.04
5470,0.05
5470,0.07
5470,0.09
5480,0.1
5480,0.12
5480,0.13
5480,0.15
5480,0.16
5490,0.18
5490,0.2
5490,0.21
5490,0.22
5490,0.23
5500,0.25
5500,0.26
5500,0.27
5500,0.28
5500,0.29
5510,0.31
5510,0.32
5510,0.32
5510,0.34
5510,0.35
5520,0.36
5520,0.36
5520,0.37
5520,0.37
5520,0.38
5530,0.38
5530,0.39
5530,0.39
5530,0.4
5530,0.41
5540,0.41
5540,0.41
5540,0.41
5540,0.41
5540,0.41
5550,0.42
5550,0.41
5550,0.41
5550,0.4
5550,0.41
5560,0.4
5560,0.4
5560,0.39
5560,0.4
5560,0.39
5570,0.38
5570,0.37
5570,0.37
5570,0.37
5570,0.36
5580,0.35
5580,0.34
5580,0.33
5580,0.32
5580,0.32
5590,0.3
5590,0.29
5590,0.28
5590,0.28
5590,0.26
5600,0.26
5600,0.25
5600,0.23
5600,0.22
5600,0.21
5610,0.2
5610,0.18
5610,0.18
5610,0.16
5610,0.15
5620,0.14
5620,0.13
5620,0.11
5620,0.1
5620,0.08
5630,0.07
5630,0.07
5630,0.04
5630,0.03
5630,0.02
5640,0
5640,-0.02
5640,-0.04
5640,-0.05
5640,-0.06
5650,-0.07
5650,-0.09
5650,-0.11
5650,-0.12
5650,-0.14
5660,-0.15
5660,-0.16
5660,-0.18
5660,-0.19
5660,-0.21
5670,-0.22
5670,-0.23
5670,-0.24
5670,-0.26
5670,-0.27
5680,-0.27
5680,-0.29
5680,-0.3
5680,-0.31
5680,-0.32
5690,-0.33
5690,-0.34
5690,-0.35
5690,-0.36
5690,-0.37
5700,-0.37
5700,-0.38
5700,-0.38
5700,-0.39
5700,-0.4
5710,-0.41
5710,-0.41
5710,-0.42
5710,-0.42
5710,-0.42
5720,-0.43
5720,-0.44
5720,-0.44
5720,-0.44
5720,-0.45
5730,-0.45
5730,-0.46
5730,-0.46
5730,-0.46
5730,-0.46
5740,-0.46
5740,-0.46
5740,-0.46
5740,-0.46
5740,-0.45
5750,-0.45
5750,-0.45
5750,-0.45
5750,-0.45
5750,-0.45
5760,-0.44
5760,-0.43
5760,-0.43
5760,-0.42
5760,-0.42
5770,-0.42
5770,-0.42
5770,-0.41
5770,-0.4
5770,-0.4
5780,-0.38
5780,-0.38
5780,-0.37
5780,-0.37
5780,-0.36
5790,-0.35
5790,-0.34
5790,-0.33
5790,-0.32
5790,-0.31
5800,-0.3
5800,-0.29
5800,-0.28
5800,-0.27
5800,-0.26
5810,-0.25
5810,-0.24
5810,-0.22
5810,-0.21
5810,-0.2
5820,-0.19
5820,-0.18
5820,-0.17
5820,-0.15
5820,-0.14
5830,-0.13
5830,-0.12
5830,-0.11
5830,-0.09
5830,-0.08
5840,-0.07
5840,-0.06
5840,-0.05
5840,-0.04
5840,-0.02
5850,-0.01
5850,0
5850,0.01
5850,0.02
5850,0.03
5860,0.05
5860,0.06
5860,0.06
5860,0.08
5860,0.08
5870,0.09
5870,0.11
5870,0.12
5870,0.13
5870,0.13
5880,0.15
5880,0.15
5880,0.16
5880,0.16
5880,0.17
5890,0.17
5890,0.18
5890,0.19
5890,0.2
5890,0.21
5900,0.21
5900,0.21
5900,0.22
5900,0.23
5900,0.24
5910,0.24
5910,0.24
5910,0.24
5910,0.25
5910,0.25
5920,0.26
5920,0.25
5920,0.25
5920,0.25
5920,0.26
5930,0.25
5930,0.25
5930,0.25
5930,0.26
5930,0.26
5940,0.25
5940,0.25
5940,0.25
5940,0.25
5940,0.24
5950,0.24
5950,0.24
5950,0.24
5950,0.23
5950,0.23
5960,0.22
5960,0.22
5960,0.22
5960,0.21
5960,0.2
5970,0.2
5970,0.19
5970,0.19
5970,0.18
5970,0.17
5980,0.17
5980,0.16
5980,0.16
5980,0.15
5980,0.14
5990,0.13
5990,0.12
5990,0.12
5990,0.11
5990,0.1
6000,0.09
6000,0.08
6000,0.07
6000,0.06
6000,0.05
6010,0.04
6010,0.03
6010,0.03
6010,0.01
6010,0
6020,-0.01
6020,-0.02
6020,-0.03
6020,-0.04
6020,-0.05
6030,-0.05
6030,-0.07
6030,-0.07
6030,-0.08
6030,-0.1
6040,-0.1
6040,-0.11
6040,-0.12
6040,-0.12
6040,-0.13
6050,-0.14
6050,-0.15
6050,-0.16
6050,-0.17
6050,-0.18
6060,-0.19
6060,-0.19
6060,-0.2
6060,-0.21
6060,-0.22
6070,-0.22
6070,-0.23
6070,-0.24
6070,-0.24
6070,-0.25
6080,-0.26
6080,-0.27
6080,-0.27
6080,-0.28
6080,-0.28
6090,-0.29
6090,-0.29
6090,-0.3
6090,-0.3
6090,-0.3
6100,-0.31
6100,-0.31
6100,-0.32
6100,-0.32
6100,-0.32
6110,-0.32
6110,-0.32
6110,-0.32
6110,-0.33
6110,-0.33
6120,-0.33
6120,-0.33
6120,-0.33
6120,-0.33
6120,-0.33
6130,-0.33
6130,-0.33
6130,-0.33
6130,-0.33
6130,-0.33
6140,-0.33
6140,-0.33
6140,-0.32
6140,-0.32
6140,-0.32
6150,-0.31
6150,-0.31
6150,-0.31
6150,-0.3
6150,-0.3
6160,-0.29
6160,-0.29
6160,-0.28
6160,-0.28
6160,-0.28
6170,-0.27
6170,-0.27
6170,-0.26
6170,-0.26
6170,-0.24
6180,-0.24
6180,-0.23
6180,-0.23
6180,-0.22
6180,-0.22
6190,-0.21
6190,-0.2
6190,-0.2
6190,-0.18
6190,-0.17
6200,-0.17
6200,-0.17
6200,-0.16
6200,-0.15
6200,-0.14
6210,-0.13
6210,-0.13
6210,-0.12
6210,-0.11
6210,-0.1
6220,-0.09
6220,-0.08
6220,-0.07
6220,-0.08
6220,-0.07
6230,-0.08
6230,-0.05
6230,-0.06
6230,-0.05
6230,-0.02
6240,-0.01
6240,-0.01
6240,-0.01
6240,0
6240,0
6250,-0.1
6250,-0.12
6250,-0.14
6250,-0.14
6250,-0.16
6260,-0.18
6260,-0.21
6260,-0.23
6260,-0.27
6260,-0.3
6270,-0.34
6270,-0.38
6270,-0.43
6270,-0.48
6270,-0.52
6280,-0.59
6280,-0.64
6280,-0.71
6280,-0.77
6280,-0.84
6290,-0.91
6290,-0.99
6290,-1.06
6290,-1.14
6290,-1.22
6300,-1.3
6300,-1.39
6300,-1.48
6300,-1.57
6300,-1.65
6310,-1.75
6310,-1.85
6310,-1.95
6310,-2.05
6310,-2.15
6320,-2.25
6320,-2.36
6320,-2.46
6320,-2.56
6320,-2.67
6330,-2.78
6330,-2.88
6330,-2.98
6330,-3.09
6330,-3.19
6340,-3.3
6340,-3.4
6340,-3.51
6340,-3.62
6340,-3.72
6350,-3.83
6350,-3.93
6350,-4.03
6350,-4.13
6350,-4.24
6360,-4.34
6360,-4.44
6360,-4.53
6360,-4.63
6360,-4.72
6370,-4.81
6370,-4.91
6370,-5
6370,-5.09
6370,-5.17
6380,-5.26
6380,-5.34
6380,-5.43
6380,-5.5
6380,-5.58
6390,-5.66
6390,-5.73
6390,-5.8
6390,-5.86
6390,-5.92
6400,-5.98
6400,-6.04
6400,-6.11
6400,-6.15
6400,-6.21
6410,-6.25
6410,-6.3
6410,-6.34
6410,-6.38
6410,-6.41
6420,-6.44
6420,-6.48
6420,-6.5
6420,-6.53
6420,-6.55
6430,-6.57
6430,-6.59
6430,-6.59
6430,-6.61
6430,-6.61
6440,-6.62
6440,-6.62
6440,-6.62
6440,-6.61
6440,-6.61
6450,-6.59
6450,-6.58
6450,-6.56
6450,-6.54
6450,-6.52
6460,-6.5
6460,-6.47
6460,-6.44
6460,-6.41
6460,-6.37
6470,-6.33
6470,-6.29
6470,-6.25
6470,-6.21
6470,-6.15
6480,-6.11
6480,-6.06
6480,-6.01
6480,-5.95
6480,-5.89
6490,-5.83
6490,-5.77
6490,-5.71
6490,-5.64
6490,-5.58
6500,-5.52
6500,-5.44
6500,-5.37
6500,-5.3
6500,-5.24
6510,-5.16
6510,-5.09
6510,-5.01
6510,-4.94
6510,-4.86
6520,-4.78
6520,-4.71
6520,-4.63
6520,-4.55
6520,-4.48
6530,-4.4
6530,-4.33
6530,-4.25
6530,-4.17
6530,-4.09
6540,-4.02
6540,-3.94
6540,-3.87
6540,-3.79
6540,-3.72
6550,-3.64
6550,-3.57
6550,-3.5
6550,-3.43
6550,-3.36
6560,-3.29
6560,-3.22
6560,-3.15
6560,-3.09
6560,-3.02
6570,-2.95
6570,-2.89
6570,-2.83
6570,-2.78
6570,-2.72
6580,-2.67
6580,-2.6
6580,-2.55
6580,-2.5
6580,-2.46
6590,-2.42
6590,-2.36
6590,-2.32
6590,-2.28
6590,-2.24
6600,-2.21
6600,-2.17
6600,-2.14
6600,-2.11
6600,-2.08
6610,-2.05
6610,-2.03
6610,-2
6610,-1.99
6610,-1.96
6620,-1.95
6620,-1.94
6620,-1.92
6620,-1.92
6620,-1.91
6630,-1.91
6630,-1.9
6630,-1.9
6630,-1.91
6630,-1.91
6640,-1.92
6640,-1.92
6640,-1.93
6640,-1.94
6640,-1.96
6650,-1.98
6650,-2
6650,-2.02
6650,-2.05
6650,-2.07
6660,-2.1
6660,-2.12
6660,-2.15
6660,-2.19
6660,-2.22
6670,-2.26
6670,-2.3
6670,-2.33
6670,-2.37
6670,-2.41
6680,-2.45
6680,-2.51
6680,-2.55
6680,-2.6
6680,-2.64
6690,-2.7
6690,-2.75
6690,-2.79
6690,-2.85
6690,-2.9
6700,-2.95
6700,-3
6700,-3.06
6700,-3.11
6700,-3.17
6710,-3.22
6710,-3.28
6710,-3.33
6710,-3.39
6710,-3.45
6720,-3.5
6720,-3.56
6720,-3.62
6720,-3.67
6720,-3.73
6730,-3.79
6730,-3.85
6730,-3.9
6730,-3.96
6730,-4.02
6740,-4.07
6740,-4.12
6740,-4.18
6740,-4.23
6740,-4.28
6750,-4.33
6750,-4.38
6750,-4.43
6750,-4.48
6750,-4.53
6760,-4.58
6760,-4.62
6760,-4.66
6760,-4.71
6760,-4.75
6770,-4.79
6770,-4.82
6770,-4.86
6770,-4.9
6770,-4.94
6780,-4.96
6780,-5
6780,-5.04
6780,-5.07
6780,-5.09
6790,-5.12
6790,-5.15
6790,-5.17
6790,-5.2
6790,-5.21
6800,-5.23
6800,-5.26
6800,-5.27
6800,-5.28
6800,-5.3
6810,-5.31
6810,-5.32
6810,-5.33
6810,-5.33
6810,-5.34
6820,-5.34
6820,-5.34
6820,-5.34
6820,-5.34
6820,-5.34
6830,-5.33
6830,-5.33
6830,-5.32
6830,-5.31
6830,-5.3
6840,-5.28
6840,-5.27
6840,-5.25
6840,-5.24
6840,-5.21
6850,-5.2
6850,-5.18
6850,-5.15
6850,-5.14
6850,-5.11
6860,-5.08
6860,-5.06
6860,-5.03
6860,-5
6860,-4.98
6870,-4.94
6870,-4.91
6870,-4.88
6870,-4.85
6870,-4.81
6880,-4.77
6880,-4.74
6880,-4.7
6880,-4.67
6880,-4.63
6890,-4.59
6890,-4.55
6890,-4.51
6890,-4.47
6890,-4.43
6900,-4.39
6900,-4.35
6900,-4.31
6900,-4.27
6900,-4.22
6910,-4.19
6910,-4.14
6910,-4.1
6910,-4.06
6910,-4.02
6920,-3.98
6920,-3.94
6920,-3.89
6920,-3.85
6920,-3.82
6930,-3.78
6930,-3.73
6930,-3.69
6930,-3.65
6930,-3.62
6940,-3.58
6940,-3.54
6940,-3.5
6940,-3.47
6940,-3.43
6950,-3.4
6950,-3.36
6950,-3.33
6950,-3.3
6950,-3.27
6960,-3.24
6960,-3.21
6960,-3.19
6960,-3.16
6960,-3.13
6970,-3.1
6970,-3.08
6970,-3.06
6970,-3.03
6970,-3.01
6980,-2.99
6980,-2.98
6980,-2.96
6980,-2.94
6980,-2.93
6990,-2.91
6990,-2.89
6990,-2.88
6990,-2.87
6990,-2.86
7000,-2.85
7000,-2.84
7000,-2.84
7000,-2.83
7000,-2.84
7010,-2.83
7010,-2.83
7010,-2.83
7010,-2.83
7010,-2.84
7020,-2.83
7020,-2.85
7020,-2.85
7020,-2.86
7020,-2.87
7030,-2.88
7030,-2.89
7030,-2.9
7030,-2.91
7030,-2.93
7040,-2.94
7040,-2.95
7040,-2.98
7040,-2.99
7040,-3.01
7050,-3.03
7050,-3.04
7050,-3.06
7050,-3.09
7050,-3.11
7060,-3.13
7060,-3.16
7060,-3.18
7060,-3.21
7060,-3.23
7070,-3.25
7070,-3.28
7070,-3.3
7070,-3.33
7070,-3.36
7080,-3.39
7080,-3.42
7080,-3.44
7080,-3.47
7080,-3.5
7090,-3.53
7090,-3.56
7090,-3.59
7090,-3.62
7090,-3.65
7100,-3.68
7100,-3.72
7100,-3.75
7100,-3.78
7100,-3.81
7110,-3.83
7110,-3.87
7110,-3.9
7110,-3.93
7110,-3.96
7120,-3.99
7120,-4.02
7120,-4.04
7120,-4.07
7120,-4.1
7130,-4.12
7130,-4.16
7130,-4.18
7130,-4.2
7130,-4.23
7140,-4.25
7140,-4.28
7140,-4.3
7140,-4.33
7140,-4.35
7150,-4.37
7150,-4.39
7150,-4.41
7150,-4.43
7150,-4.45
7160,-4.47
7160,-4.49
7160,-4.5
7160,-4.52
7160,-4.54
7170,-4.55
7170,-4.56
7170,-4.58
7170,-4.59
7170,-4.6
7180,-4.62
7180,-4.62
7180,-4.63
7180,-4.64
7180,-4.65
7190,-4.65
7190,-4.66
7190,-4.66
7190,-4.67
7190,-4.67
7200,-4.68
7200,-4.68
7200,-4.68
7200,-4.68
7200,-4.67
7210,-4.68
7210,-4.67
7210,-4.67
7210,-4.66
7210,-4.66
7220,-4.66
7220,-4.65
7220,-4.64
7220,-4.63
7220,-4.62
7230,-4.61
7230,-4.6
7230,-4.59
7230,-4.58
7230,-4.57
7240,-4.55
7240,-4.54
7240,-4.53
7240,-4.51
7240,-4.49
7250,-4.48
7250,-4.46
7250,-4.44
7250,-4.43
7250,-4.41
7260,-4.38
7260,-4.37
7260,-4.35
7260,-4.33
7260,-4.31
7270,-4.29
7270,-4.27
7270,-4.24
7270,-4.22
7270,-4.2
7280,-4.18
7280,-4.15
7280,-4.13
7280,-4.11
7280,-4.09
7290,-4.07
7290,-4.04
7290,-4.03
7290,-4.01
7290,-3.98
7300,-3.96
7300,-3.93
7300,-3.91
7300,-3.89
7300,-3.87
7310,-3.85
7310,-3.82
7310,-3.8
7310,-3.79
7310,-3.77
7320,-3.74
7320,-3.72
7320,-3.7
7320,-3.69
7320,-3.66
7330,-3.65
7330,-3.63
7330,-3.61
7330,-3.6
7330,-3.58
7340,-3.56
7340,-3.55
7340,-3.53
7340,-3.51
7340,-3.5
7350,-3.49
7350,-3.47
7350,-3.46
7350,-3.45
7350,-3.44
7360,-3.43
7360,-3.41
7360,-3.4
7360,-3.4
7360,-3.39
7370,-3.38
7370,-3.37
7370,-3.36
7370,-3.35
7370,-3.34
7380,-3.34
7380,-3.34
7380,-3.33
7380,-3.33
7380,-3.33
7390,-3.32
7390,-3.32
7390,-3.32
7390,-3.32
7390,-3.32
7400,-3.32
7400,-3.32
7400,-3.32
7400,-3.33
7400,-3.33
7410,-3.34
7410,-3.34
7410,-3.35
7410,-3.35
7410,-3.36
7420,-3.36
7420,-3.37
7420,-3.39
7420,-3.4
7420,-3.4
7430,-3.41
7430,-3.42
7430,-3.43
7430,-3.44
7430,-3.45
7440,-3.46
7440,-3.47
7440,-3.48
7440,-3.49
7440,-3.51
7450,-3.52
7450,-3.53
7450,-3.55
7450,-3.56
7450,-3.58
7460,-3.59
7460,-3.61
7460,-3.62
7460,-3.64
7460,-3.65
7470,-3.66
7470,-3.68
7470,-3.7
7470,-3.71
7470,-3.73
7480,-3.75
7480,-3.76
7480,-3.78
7480,-3.79
7480,-3.81
7490,-3.83
7490,-3.84
7490,-3.86
7490,-3.88
7490,-3.89
7500,-3.91
7500,-3.93
7500,-3.94
7500,-3.96
7500,-3.97
7510,-3.99
7510,-4
7510,-4.01
7510,-4.03
7510,-4.05
7520,-4.06
7520,-4.07
7520,-4.09
7520,-4.11
7520,-4.12
7530,-4.13
7530,-4.14
7530,-4.15
7530,-4.16
7530,-4.17
7540,-4.19
7540,-4.2
7540,-4.2
7540,-4.22
7540,-4.23
7550,-4.24
7550,-4.24
7550,-4.26
7550,-4.26
7550,-4.27
7560,-4.27
7560,-4.28
7560,-4.28
7560,-4.29
7560,-4.3
7570,-4.3
7570,-4.3
7570,-4.31
7570,-4.31
7570,-4.31
7580,-4.31
7580,-4.32
7580,-4.31
7580,-4.32
7580,-4.32
7590,-4.32
7590,-4.32
7590,-4.31
7590,-4.31
7590,-4.31
7600,-4.3
7600,-4.31
7600,-4.3
7600,-4.3
7600,-4.29
7610,-4.28
7610,-4.28
7610,-4.28
7610,-4.27
7610,-4.27
7620,-4.26
7620,-4.25
7620,-4.24
7620,-4.24
7620,-4.23
7630,-4.22
7630,-4.21
7630,-4.2
7630,-4.2
7630,-4.18
7640,-4.17
7640,-4.16
7640,-4.15
7640,-4.14
7640,-4.13
7650,-4.12
7650,-4.11
7650,-4.1
7650,-4.08
7650,-4.07
7660,-4.06
7660,-4.05
7660,-4.03
7660,-4.02
7660,-4.01
7670,-4
7670,-3.99
7670,-3.97
7670,-3.96
7670,-3.95
7680,-3.94
7680,-3.93
7680,-3.91
7680,-3.9
7680,-3.89
7690,-3.88
7690,-3.86
7690,-3.86
7690,-3.85
7690,-3.83
7700,-3.83
7700,-3.82
7700,-3.81
7700,-3.79
7700,-3.78
7710,-3.77
7710,-3.76
7710,-3.76
7710,-3.75
7710,-3.73
7720,-3.73
7720,-3.72
7720,-3.71
7720,-3.7
7720,-3.69
7730,-3.68
7730,-3.68
7730,-3.67
7730,-3.66
7730,-3.65
7740,-3.64
7740,-3.64
7740,-3.63
7740,-3.63
7740,-3.62
7750,-3.62
7750,-3.61
7750,-3.6
7750,-3.6
7750,-3.6
7760,-3.6
7760,-3.59
7760,-3.59
7760,-3.58
7760,-3.59
7770,-3.58
7770,-3.58
7770,-3.59
7770,-3.59
7770,-3.59
7780,-3.59
7780,-3.59
7780,-3.59
7780,-3.59
7780,-3.59
7790,-3.59
7790,-3.6
7790,-3.6
7790,-3.6
7790,-3.61
7800,-3.62
7800,-3.62
7800,-3.63
7800,-3.63
7800,-3.64
7810,-3.64
7810,-3.65
7810,-3.65
7810,-3.67
7810,-3.66
7820,-3.68
7820,-3.68
7820,-3.69
7820,-3.7
7820,-3.7
7830,-3.72
7830,-3.72
7830,-3.73
7830,-3.74
7830,-3.74
7840,-3.75
7840,-3.76
7840,-3.77
7840,-3.78
7840,-3.79
7850,-3.79
7850,-3.8
7850,-3.82
7850,-3.83
7850,-3.83
7860,-3.84
7860,-3.85
7860,-3.86
7860,-3.87
7860,-3.88
7870,-3.89
7870,-3.9
7870,-3.91
7870,-3.91
7870,-3.92
7880,-3.92
7880,-3.93
7880,-3.94
7880,-3.95
7880,-3.96
7890,-3.97
7890,-3.97
7890,-3.98
7890,-3.99
7890,-4
7900,-4
7900,-4
7900,-4.01
7900,-4.02
7900,-4.02
7910,-4.03
7910,-4.04
7910,-4.05
7910,-4.05
7910,-4.06
7920,-4.06
7920,-4.07
7920,-4.07
7920,-4.07
7920,-4.08
7930,-4.09
7930,-4.08
7930,-4.09
7930,-4.1
7930,-4.1
7940,-4.11
7940,-4.11
7940,-4.11
7940,-4.11
7940,-4.11
7950,-4.11
7950,-4.12
7950,-4.12
7950,-4.12
7950,-4.12
7960,-4.13
7960,-4.13
7960,-4.13
7960,-4.13
7960,-4.13
7970,-4.13
7970,-4.13
7970,-4.13
7970,-4.12
7970,-4.13
7980,-4.12
7980,-4.12
7980,-4.12
7980,-4.11
7980,-4.11
7990,-4.1
7990,-4.1
7990,-4.1
7990,-4.09
7990,-4.09
8000,-4.09
8000,-4.09
8000,-4.09
8000,-4.08
8000,-4.07
8010,-4.07
8010,-4.07
8010,-4.06
8010,-4.05
8010,-4.06
8020,-4.05
8020,-4.04
8020,-4.03
8020,-4.03
8020,-4.02
8030,-4.02
8030,-4.01
8030,-4.01
8030,-4
8030,-3.99
8040,-3.99
8040,-3.98
8040,-3.98
8040,-3.97
8040,-3.95
8050,-3.96
8050,-3.95
8050,-3.94
8050,-3.94
8050,-3.93
8060,-3.92
8060,-3.92
8060,-3.91
8060,-3.9
8060,-3.9
8070,-3.89
8070,-3.89
8070,-3.88
8070,-3.87
8070,-3.87
8080,-3.87
8080,-3.86
8080,-3.85
8080,-3.85
8080,-3.84
8090,-3.84
8090,-3.83
8090,-3.83
8090,-3.82
8090,-3.82
8100,-3.81
8100,-3.81
8100,-3.8
8100,-3.79
8100,-3.78
8110,-3.78
8110,-3.78
8110,-3.77
8110,-3.77
8110,-3.77
8120,-3.76
8120,-3.76
8120,-3.76
8120,-3.75
8120,-3.75
8130,-3.75
8130,-3.74
8130,-3.75
8130,-3.75
8130,-3.74
8140,-3.74
8140,-3.75
8140,-3.74
8140,-3.74
8140,-3.74
8150,-3.74
8150,-3.74
8150,-3.74
8150,-3.74
8150,-3.74
8160,-3.74
8160,-3.75
8160,-3.74
8160,-3.74
8160,-3.74
8170,-3.74
8170,-3.74
8170,-3.74
8170,-3.75
